origcreatedat,origuserscreenname,retweetuserid,ts
Thu Dec 17 16:20:13 +0000 2015,tfajon,55207471,2015-12-17 16:20:13+00:00
Wed Dec 16 11:34:15 +0000 2015,Miriamdalli,24899436,2015-12-16 11:34:15+00:00
Wed Dec 09 14:58:32 +0000 2015,gillespargneaux,55207471,2015-12-09 14:58:32+00:00
Wed Dec 09 10:03:21 +0000 2015,Miriamdalli,24899436,2015-12-09 10:03:21+00:00
Tue Dec 08 15:36:02 +0000 2015,kvanbrempt,55207471,2015-12-08 15:36:02+00:00
Tue Dec 08 15:34:19 +0000 2015,Groote,55207471,2015-12-08 15:34:19+00:00
Tue Dec 08 13:55:43 +0000 2015,gillespargneaux,55207471,2015-12-08 13:55:43+00:00
Tue Dec 08 13:27:47 +0000 2015,Groote,55207471,2015-12-08 13:27:47+00:00
Tue Dec 08 11:07:51 +0000 2015,SeanKellyMEP,55207471,2015-12-08 11:07:51+00:00
Tue Dec 08 10:41:16 +0000 2015,Groote,55207471,2015-12-08 10:41:16+00:00
Tue Dec 08 09:04:52 +0000 2015,Miriamdalli,24899436,2015-12-08 09:04:52+00:00
Tue Dec 08 08:32:48 +0000 2015,gillespargneaux,55207471,2015-12-08 08:32:48+00:00
Tue Dec 08 07:23:54 +0000 2015,Miriamdalli,24899436,2015-12-08 07:23:54+00:00
Mon Dec 07 17:23:07 +0000 2015,gillespargneaux,55207471,2015-12-07 17:23:07+00:00
Mon Dec 07 16:38:07 +0000 2015,PaulBrannenNE,55207471,2015-12-07 16:38:07+00:00
Mon Dec 07 16:35:48 +0000 2015,gillespargneaux,55207471,2015-12-07 16:35:48+00:00
Mon Dec 07 15:37:08 +0000 2015,gillespargneaux,55207471,2015-12-07 15:37:08+00:00
Sun Dec 06 08:35:21 +0000 2015,Miriamdalli,24899436,2015-12-06 08:35:21+00:00
Sun Dec 06 08:35:21 +0000 2015,Miriamdalli,16297777,2015-12-06 08:35:21+00:00
Wed Nov 25 09:57:46 +0000 2015,tfajon,55207471,2015-11-25 09:57:46+00:00
Wed Nov 25 08:59:04 +0000 2015,MarleneMizzi,55207471,2015-11-25 08:59:04+00:00
Fri Nov 20 17:11:44 +0000 2015,Miriamdalli,862795896,2015-11-20 17:11:44+00:00
Fri Nov 13 22:30:57 +0000 2015,MartinSchulz,55207471,2015-11-13 22:30:57+00:00
Fri Nov 13 22:16:58 +0000 2015,giannipittella,55207471,2015-11-13 22:16:58+00:00
Wed Nov 11 14:56:52 +0000 2015,SergeiStanishev,55207471,2015-11-11 14:56:52+00:00
Mon Nov 09 18:55:22 +0000 2015,Miriamdalli,102918775,2015-11-09 18:55:22+00:00
Mon Nov 09 18:55:22 +0000 2015,Miriamdalli,1498593469,2015-11-09 18:55:22+00:00
Mon Nov 09 13:10:37 +0000 2015,giannipittella,55207471,2015-11-09 13:10:37+00:00
Thu Oct 29 17:30:04 +0000 2015,Miriamdalli,28640933,2015-10-29 17:30:04+00:00
Mon Oct 26 20:21:40 +0000 2015,PaulBrannenNE,55207471,2015-10-26 20:21:40+00:00
Mon Oct 26 19:48:14 +0000 2015,PaulBrannenNE,55207471,2015-10-26 19:48:14+00:00
Mon Oct 26 19:42:59 +0000 2015,PaulBrannenNE,55207471,2015-10-26 19:42:59+00:00
Thu Oct 22 10:20:15 +0000 2015,Miriamdalli,381540723,2015-10-22 10:20:15+00:00
Thu Oct 22 08:48:24 +0000 2015,negrescuvictor,55207471,2015-10-22 08:48:24+00:00
Thu Oct 22 07:55:00 +0000 2015,gillespargneaux,55207471,2015-10-22 07:55:00+00:00
Thu Oct 22 07:28:40 +0000 2015,JytteGuteland,55207471,2015-10-22 07:28:40+00:00
Thu Oct 22 06:49:26 +0000 2015,Miriamdalli,24181511,2015-10-22 06:49:26+00:00
Thu Oct 22 06:49:26 +0000 2015,Miriamdalli,16297777,2015-10-22 06:49:26+00:00
Wed Oct 21 15:37:31 +0000 2015,SebDance,55207471,2015-10-21 15:37:31+00:00
Mon Oct 19 14:00:56 +0000 2015,MartinSchulz,55207471,2015-10-19 14:00:56+00:00
Wed Oct 14 17:34:21 +0000 2015,Miriamdalli,862795896,2015-10-14 17:34:21+00:00
Wed Oct 14 17:34:21 +0000 2015,Miriamdalli,24899436,2015-10-14 17:34:21+00:00
Wed Oct 14 16:33:02 +0000 2015,gillespargneaux,55207471,2015-10-14 16:33:02+00:00
Tue Oct 06 18:55:22 +0000 2015,negrescuvictor,55207471,2015-10-06 18:55:22+00:00
Tue Oct 06 15:21:24 +0000 2015,Miriamdalli,45360352,2015-10-06 15:21:24+00:00
Tue Oct 06 14:56:30 +0000 2015,SebDance,55207471,2015-10-06 14:56:30+00:00
Tue Oct 06 07:38:33 +0000 2015,Miriamdalli,14460250,2015-10-06 07:38:33+00:00
Sun Oct 04 08:36:24 +0000 2015,Miriamdalli,2262477443,2015-10-04 08:36:24+00:00
Fri Oct 02 16:42:28 +0000 2015,Miriamdalli,45360352,2015-10-02 16:42:28+00:00
Tue Sep 29 07:52:26 +0000 2015,NicolaCaputo,55207471,2015-09-29 07:52:26+00:00
Tue Sep 29 07:23:29 +0000 2015,NicolaCaputo,55207471,2015-09-29 07:23:29+00:00
Mon Sep 28 08:28:39 +0000 2015,NicolaCaputo,55207471,2015-09-28 08:28:39+00:00
Wed Sep 23 14:57:51 +0000 2015,SebDance,55207471,2015-09-23 14:57:51+00:00
Wed Sep 09 08:18:18 +0000 2015,SebDance,55207471,2015-09-09 08:18:18+00:00
Wed Sep 09 07:31:05 +0000 2015,Miriamdalli,2368809120,2015-09-09 07:31:05+00:00
Tue Sep 08 10:49:52 +0000 2015,TheresaMEP,55207471,2015-09-08 10:49:52+00:00
Sat Aug 29 14:59:36 +0000 2015,Miriamdalli,36347303,2015-08-29 14:59:36+00:00
Wed Jul 29 14:28:40 +0000 2015,TheresaMEP,55207471,2015-07-29 14:28:40+00:00
Tue Jul 14 14:47:10 +0000 2015,TheresaMEP,55207471,2015-07-14 14:47:10+00:00
Wed Jul 01 14:07:15 +0000 2015,TheresaMEP,55207471,2015-07-01 14:07:15+00:00
Wed Jul 01 13:35:26 +0000 2015,Miriamdalli,195681218,2015-07-01 13:35:26+00:00
Wed Jul 01 13:35:26 +0000 2015,Miriamdalli,829060856,2015-07-01 13:35:26+00:00
Wed Jul 01 13:26:21 +0000 2015,Miriamdalli,393327544,2015-07-01 13:26:21+00:00
Wed Jul 01 13:26:21 +0000 2015,Miriamdalli,829060856,2015-07-01 13:26:21+00:00
Thu Jun 25 14:28:35 +0000 2015,TheresaMEP,55207471,2015-06-25 14:28:35+00:00
Thu Jun 25 12:28:22 +0000 2015,TheresaMEP,55207471,2015-06-25 12:28:22+00:00
Wed Jun 24 13:51:20 +0000 2015,TheresaMEP,55207471,2015-06-24 13:51:20+00:00
Sat Jun 20 14:10:16 +0000 2015,giannipittella,55207471,2015-06-20 14:10:16+00:00
Wed Jun 17 07:46:27 +0000 2015,PocheMEP,55207471,2015-06-17 07:46:27+00:00
Tue Jun 16 09:16:33 +0000 2015,TheresaMEP,55207471,2015-06-16 09:16:33+00:00
Wed May 20 13:28:35 +0000 2015,Miriamdalli,45360352,2015-05-20 13:28:35+00:00
Wed May 13 15:33:57 +0000 2015,TheresaMEP,55207471,2015-05-13 15:33:57+00:00
Sun May 10 07:52:47 +0000 2015,Miriamdalli,36347303,2015-05-10 07:52:47+00:00
Tue May 05 16:35:22 +0000 2015,Groote,55207471,2015-05-05 16:35:22+00:00
Mon May 04 20:36:12 +0000 2015,Miriamdalli,45360352,2015-05-04 20:36:12+00:00
Mon May 04 13:55:07 +0000 2015,SebDance,55207471,2015-05-04 13:55:07+00:00
Mon May 04 10:28:24 +0000 2015,SebDance,55207471,2015-05-04 10:28:24+00:00
Mon May 04 10:18:57 +0000 2015,ClaudeMoraesMEP,55207471,2015-05-04 10:18:57+00:00
Wed Apr 29 07:43:29 +0000 2015,Miriamdalli,14460250,2015-04-29 07:43:29+00:00
Wed Apr 29 07:41:29 +0000 2015,Miriamdalli,322933929,2015-04-29 07:41:29+00:00
Wed Apr 29 07:41:29 +0000 2015,Miriamdalli,14460250,2015-04-29 07:41:29+00:00
Tue Apr 28 16:32:34 +0000 2015,SebDance,55207471,2015-04-28 16:32:34+00:00
Wed Apr 22 16:15:03 +0000 2015,TheresaMEP,55207471,2015-04-22 16:15:03+00:00
Mon Apr 20 12:52:33 +0000 2015,Miriamdalli,20237435,2015-04-20 12:52:33+00:00
Mon Apr 20 10:55:52 +0000 2015,Miriamdalli,829060856,2015-04-20 10:55:52+00:00
Sun Apr 19 09:04:52 +0000 2015,Miriamdalli,826743260,2015-04-19 09:04:52+00:00
Tue Apr 14 10:55:44 +0000 2015,NicolaCaputo,55207471,2015-04-14 10:55:44+00:00
Thu Mar 05 11:47:06 +0000 2015,javorbenedek,55207471,2015-03-05 11:47:06+00:00
Thu Mar 05 11:02:49 +0000 2015,javorbenedek,55207471,2015-03-05 11:02:49+00:00
Thu Mar 05 06:28:33 +0000 2015,Miriamdalli,420475423,2015-03-05 06:28:33+00:00
Wed Mar 04 15:34:33 +0000 2015,TheresaMEP,55207471,2015-03-04 15:34:33+00:00
Fri Feb 27 13:12:26 +0000 2015,Miriamdalli,34423857,2015-02-27 13:12:26+00:00
Fri Feb 27 13:12:26 +0000 2015,Miriamdalli,829060856,2015-02-27 13:12:26+00:00
Thu Feb 26 22:06:13 +0000 2015,Miriamdalli,34423857,2015-02-26 22:06:13+00:00
Thu Feb 26 11:34:16 +0000 2015,TheresaMEP,55207471,2015-02-26 11:34:16+00:00
Thu Feb 26 10:37:30 +0000 2015,TheresaMEP,55207471,2015-02-26 10:37:30+00:00
Wed Feb 04 14:23:02 +0000 2015,MartinSchulz,55207471,2015-02-04 14:23:02+00:00
Tue Feb 03 09:58:09 +0000 2015,TheresaMEP,55207471,2015-02-03 09:58:09+00:00
Tue Jan 27 10:19:49 +0000 2015,Miriamdalli,420475423,2015-01-27 10:19:49+00:00
Mon Jan 12 18:15:24 +0000 2015,giannipittella,55207471,2015-01-12 18:15:24+00:00
Sat Dec 13 13:21:34 +0000 2014,MartinSchulz,55207471,2014-12-13 13:21:34+00:00
Thu Dec 11 08:43:46 +0000 2014,Miriamdalli,819843415,2014-12-11 08:43:46+00:00
Tue Dec 02 05:28:05 +0000 2014,Miriamdalli,14460250,2014-12-02 05:28:05+00:00
Tue Nov 25 17:54:27 +0000 2014,Miriamdalli,36347303,2014-11-25 17:54:27+00:00
Tue Nov 25 17:54:27 +0000 2014,Miriamdalli,211175054,2014-11-25 17:54:27+00:00
Thu Nov 20 14:55:47 +0000 2014,SebDance,55207471,2014-11-20 14:55:47+00:00
Wed Nov 12 14:19:20 +0000 2014,Miriamdalli,45360352,2014-11-12 14:19:20+00:00
Wed Nov 12 14:12:14 +0000 2014,SebDance,55207471,2014-11-12 14:12:14+00:00
Wed Nov 05 16:42:27 +0000 2014,SebDance,55207471,2014-11-05 16:42:27+00:00
Wed Nov 05 08:51:14 +0000 2014,Miriamdalli,1580316804,2014-11-05 08:51:14+00:00
Wed Nov 05 08:51:14 +0000 2014,Miriamdalli,819843415,2014-11-05 08:51:14+00:00
Wed Nov 05 08:51:14 +0000 2014,Miriamdalli,2262477443,2014-11-05 08:51:14+00:00
Wed Oct 22 08:09:52 +0000 2014,Miriamdalli,14460250,2014-10-22 08:09:52+00:00
Mon Oct 20 19:28:08 +0000 2014,gillespargneaux,55207471,2014-10-20 19:28:08+00:00
Mon Oct 06 15:15:22 +0000 2014,Miriamdalli,28640933,2014-10-06 15:15:22+00:00
