country,year,fertility_rate,old_age_dependency_ratio,median_age,life_expectancy,net_migration,population_change,gdp_per_capita_index_eu27_100,employment_rate_55_64,youth_unemployment,debt_to_gdp
AT,1960,2.69,23.063043478260873,35.5,,,,,,,
AT,1961,2.78,23.084782608695654,35.5,,,,,,,
AT,1962,2.8,23.176086956521736,35.5,,,,,,,
AT,1963,2.82,23.297826086956523,35.3,,,,,,,
AT,1964,2.79,23.441304347826087,35.2,,,,,,,
AT,1965,2.7,23.619565217391305,35.1,,,,,,,
AT,1966,2.66,23.854347826086954,34.9,,,,,,,
AT,1967,2.62,24.039130434782606,34.7,,,,,,,
AT,1968,2.58,24.11521739130435,34.5,,,,,,,
AT,1969,2.49,24.243478260869566,34.2,,,,,,,
AT,1970,2.29,24.349999999999998,33.9,70.9,,,,,,
AT,1971,2.2,24.419565217391302,33.6,71.2,,,,,,
AT,1972,2.08,24.458695652173912,33.3,71.4,,,,,,
AT,1973,1.94,24.467391304347824,33.4,71.9,,,,,,
AT,1974,1.91,24.441304347826087,33.6,71.9,,,,,,
AT,1975,1.83,24.463043478260868,33.9,71.8,,,,,,
AT,1976,1.69,24.402173913043477,34.1,72.1,,,,,,
AT,1977,1.63,24.213043478260868,34.3,72.4,,,,,,
AT,1978,1.6,23.98695652173913,34.4,72.3,,,,,,
AT,1979,1.6,23.77173913043478,34.6,72.7,,,,,,
AT,1980,1.65,23.582608695652173,34.7,72.8,,,,,,
AT,1981,1.67,23.36521739130435,34.6,73.0,,,,,,
AT,1982,1.66,23.099999999999998,34.6,73.2,,,,,,
AT,1983,1.56,22.85217391304348,34.8,73.1,,,,,,
AT,1984,1.52,22.58695652173913,35.0,73.7,,,,,,
AT,1985,1.47,22.395652173913046,35.1,73.9,,,,,,
AT,1986,1.45,22.267391304347825,35.2,74.3,,,,,,
AT,1987,1.43,22.156521739130437,35.3,74.7,,,,,,
AT,1988,1.45,22.071739130434786,35.5,75.1,,,,,,
AT,1989,1.45,21.98913043478261,35.6,75.2,,,,,,
AT,1990,1.46,21.895652173913046,35.6,75.4,,,,,,
AT,1991,1.51,21.817391304347826,35.6,75.5,,,,,,
AT,1992,1.51,21.75,35.6,75.7,,,,,,
AT,1993,1.5,21.717391304347824,35.7,75.8,,,,,,
AT,1994,1.47,21.717391304347824,35.9,76.1,,,,,,
AT,1995,1.42,21.730434782608697,36.1,76.3,,,77.376,,,
AT,1996,1.45,21.76086956521739,36.5,76.5,,,78.984,,,
AT,1997,1.39,21.782608695652176,36.8,76.9,,,80.588,,,
AT,1998,1.37,21.8,37.2,77.3,,,83.311,,,
AT,1999,1.34,21.81304347826087,37.5,77.4,,,86.277,,,
AT,2000,1.36,21.871739130434783,37.9,77.7,,,88.815,,,
AT,2001,1.33,21.91086956521739,38.3,78.2,,,89.641,,,
AT,2002,1.39,21.91304347826087,38.8,78.2,,,90.523,,,
AT,2003,1.38,21.860869565217392,39.1,78.1,,,91.149,,,
AT,2004,1.42,21.856521739130436,39.4,78.7,,,92.901,,,
AT,2005,1.41,21.91086956521739,39.7,78.9,,,94.412,,,
AT,2006,1.41,21.954347826086956,40.1,79.4,,,96.995,,,
AT,2007,1.38,22.008695652173913,40.5,79.6,,,100.327,,,
AT,2008,1.42,22.065217391304348,40.9,79.9,,,101.462,,,
AT,2009,1.39,22.1,41.2,79.8,,,97.59,39.4,11.3,
AT,2010,1.44,22.145652173913046,41.6,80.1,,,99.123,41.2,10.1,
AT,2011,1.43,22.117391304347827,42.0,80.4,,,101.69,39.9,9.5,
AT,2012,1.44,22.11521739130435,42.4,80.3,,,101.87,41.6,10.0,
AT,2013,1.44,22.143478260869564,42.6,80.5,6.6,6.6,101.004,43.8,10.3,
AT,2014,1.46,22.14782608695652,42.9,80.6,8.6,9.0,100.973,45.1,11.0,85.2
AT,2015,1.49,22.15,43.0,80.4,13.2,13.4,101.275,46.3,11.3,85.6
AT,2016,1.53,22.132608695652173,43.0,80.9,7.5,8.3,102.114,49.2,12.0,83.4
AT,2017,1.52,24.093877551020405,43.0,80.9,5.1,5.6,103.778,51.3,10.5,79.1
AT,2018,1.47,24.155102040816324,43.2,80.9,4.0,4.1,105.843,54.0,10.0,74.6
AT,2019,1.46,24.216326530612243,43.4,81.2,4.6,4.8,107.216,54.5,9.1,71.0
AT,2020,1.44,24.452083333333334,43.5,80.6,4.4,3.5,100.0,54.2,11.7,83.2
AT,2021,1.48,24.385714285714286,43.6,80.5,5.8,5.2,104.517,55.4,11.0,82.4
AT,2022,1.41,25.569811320754717,43.6,80.6,15.1,13.9,108.856,56.4,9.5,78.1
AT,2023,1.32,25.23090909090909,43.5,81.1,7.2,5.9,107.08,57.3,10.4,77.8
AT,2024,1.31,25.363636363636363,43.6,81.4,5.4,4.2,105.827,58.8,10.3,80.0
AT,2025,,25.514545454545452,43.8,,,,106.402,60.9,11.5,81.5
BE,1960,2.54,22.667391304347827,35.2,70.9,,,,,,
BE,1961,2.63,22.849999999999998,35.2,71.6,,,,,,
BE,1962,2.59,23.15869565217391,34.9,71.2,,,,,,
BE,1963,2.68,23.334782608695654,34.9,71.0,,,,,,
BE,1964,2.71,23.432608695652174,34.8,71.6,,,,,,
BE,1965,2.61,23.530434782608697,34.7,71.3,,,,,,
BE,1966,2.52,23.656521739130437,34.7,71.5,,,,,,
BE,1967,2.41,23.697826086956525,34.7,71.7,,,,,,
BE,1968,2.31,23.73478260869565,34.7,71.2,,,,,,
BE,1969,2.27,23.73695652173913,34.6,71.3,,,,,,
BE,1970,2.25,23.741304347826084,34.5,71.5,,,,,,
BE,1971,2.21,23.752173913043475,34.5,71.6,,,,,,
BE,1972,2.09,23.73695652173913,34.3,71.8,,,,,,
BE,1973,1.95,23.686956521739127,34.3,71.9,,,,,,
BE,1974,1.83,23.643478260869564,34.2,72.3,,,,,,
BE,1975,1.74,23.506521739130434,34.1,72.2,,,,,,
BE,1976,1.73,23.343478260869563,33.9,72.3,,,,,,
BE,1977,1.71,23.13913043478261,33.8,72.8,,,,,,
BE,1978,1.69,22.91304347826087,33.7,72.7,,,,,,
BE,1979,1.69,22.730434782608693,33.8,73.2,,,,,,
BE,1980,1.68,22.589130434782607,33.9,73.2,,,,,,
BE,1981,1.66,22.467391304347824,34.1,73.5,,,,,,
BE,1982,1.61,22.47608695652174,34.4,73.8,,,,,,
BE,1983,1.57,22.32608695652174,34.7,73.7,,,,,,
BE,1984,1.54,22.191304347826087,35.0,74.2,,,,,,
BE,1985,1.51,22.06304347826087,35.2,74.3,,,,,,
BE,1986,1.54,22.02608695652174,35.4,74.6,,,,,,
BE,1987,1.54,22.01521739130435,35.6,75.2,,,,,,
BE,1988,1.57,22.01086956521739,35.7,75.4,,,,,,
BE,1989,1.58,22.036956521739132,36.0,75.4,,,,,,
BE,1990,1.62,22.06304347826087,36.2,75.8,,,,,,
BE,1991,1.66,22.106521739130436,36.4,76.0,,,,,,
BE,1992,1.65,22.169565217391302,36.6,76.1,,,,,,
BE,1993,1.61,22.206521739130434,36.8,76.1,,,,,,
BE,1994,1.56,22.245652173913044,37.0,76.4,,,,,,
BE,1995,1.56,22.28478260869565,37.3,76.4,,,77.286,,,
BE,1996,1.59,22.369565217391305,37.6,76.7,,,78.155,,,
BE,1997,1.6,22.426086956521736,37.9,76.9,,,80.928,,,
BE,1998,1.6,22.491304347826084,38.2,77.0,,,82.34,,,
BE,1999,1.62,22.539130434782606,38.5,77.1,,,85.057,,,
BE,2000,1.67,22.56086956521739,38.7,77.2,,,88.005,,,
BE,2001,1.67,22.567391304347826,39.0,77.5,,,88.667,,,
BE,2002,1.65,22.53478260869565,39.3,77.5,,,89.777,,,
BE,2003,1.67,22.508695652173916,39.6,77.6,,,90.33,,,
BE,2004,1.72,22.539130434782606,39.8,78.3,,,93.152,,,
BE,2005,1.76,22.565217391304348,40.1,78.4,,,94.792,,,
BE,2006,1.8,22.567391304347826,40.3,78.8,,,96.572,,,
BE,2007,1.82,22.59130434782609,40.5,79.2,,,99.39,,,
BE,2008,1.85,22.595652173913045,40.7,79.1,,,99.049,,,
BE,2009,1.84,22.630434782608695,40.8,79.4,,,96.382,35.3,22.0,
BE,2010,1.86,22.67391304347826,40.9,79.6,,,98.094,37.3,22.4,
BE,2011,1.81,22.65869565217391,40.9,79.9,,,98.695,38.7,18.9,
BE,2012,1.8,22.72826086956522,41.0,79.8,,,98.298,39.5,20.0,
BE,2013,1.76,22.789130434782606,41.1,80.0,4.5,5.9,98.134,41.7,23.9,
BE,2014,1.74,22.882608695652173,41.3,80.4,3.2,5.0,99.424,42.7,23.4,106.6
BE,2015,1.7,22.98695652173913,41.4,80.2,5.5,6.5,100.307,44.0,22.5,105.7
BE,2016,1.68,23.05,41.4,80.5,2.4,3.6,100.992,45.4,20.3,105.8
BE,2017,1.65,25.355102040816327,41.5,80.7,3.2,4.1,102.086,48.3,19.4,102.6
BE,2018,1.62,25.461224489795917,41.6,80.8,4.3,5.0,103.531,50.3,16.0,100.2
BE,2019,1.6,25.557142857142857,41.7,81.1,5.0,5.8,105.489,52.1,14.5,97.7
BE,2020,1.55,25.775000000000002,41.8,80.1,3.9,2.8,100.0,53.1,15.9,111.4
BE,2021,1.6,25.72244897959184,41.8,80.9,4.9,5.4,105.818,54.5,18.2,108.7
BE,2022,1.53,25.818367346938775,41.9,80.9,10.9,10.7,109.192,56.6,16.4,103.3
BE,2023,1.47,26.35090909090909,41.9,81.5,6.4,6.3,109.957,57.8,16.1,102.5
BE,2024,1.44,26.423636363636362,42.0,81.7,5.9,5.6,110.505,59.4,17.4,103.9
BE,2025,,26.510909090909088,42.1,,,,111.084,61.5,17.4,107.9
BG,1960,2.31,21.610869565217392,30.3,71.6,,,,,,
BG,1961,2.29,21.68695652173913,30.6,72.1,,,,,,
BG,1962,2.24,21.72826086956522,30.9,71.3,,,,,,
BG,1963,2.21,21.730434782608697,31.1,72.0,,,,,,
BG,1964,2.19,21.756521739130438,31.5,72.7,,,,,,
BG,1965,2.09,21.756521739130434,31.8,72.5,,,,,,
BG,1966,2.03,21.776086956521738,32.2,72.5,,,,,,
BG,1967,2.02,21.741304347826087,32.5,71.8,,,,,,
BG,1968,2.27,21.73478260869565,32.8,72.4,,,,,,
BG,1969,2.27,21.747826086956522,33.0,71.6,,,,,,
BG,1970,2.17,21.752173913043478,33.2,72.2,,,,,,
BG,1971,2.1,21.754347826086956,33.3,71.6,,,,,,
BG,1972,2.03,21.789130434782606,33.4,71.7,,,,,,
BG,1973,2.15,21.815217391304348,33.5,72.2,,,,,,
BG,1974,2.29,21.795652173913044,33.6,72.0,,,,,,
BG,1975,2.23,21.895652173913046,33.6,71.6,,,,,,
BG,1976,2.24,21.969565217391306,33.7,72.0,,,,,,
BG,1977,2.21,21.934782608695652,33.8,71.4,,,,,,
BG,1978,2.15,21.92608695652174,33.8,71.7,,,,,,
BG,1979,2.16,21.854347826086954,34.0,71.6,,,,,,
BG,1980,2.05,21.956521739130434,34.1,71.5,,,,,,
BG,1981,2.0,22.043478260869566,34.3,71.9,,,,,,
BG,1982,2.01,22.01521739130435,34.5,71.4,,,,,,
BG,1983,2.01,21.97826086956522,34.7,71.5,,,,,,
BG,1984,2.01,21.928260869565218,34.9,71.6,,,,,,
BG,1985,1.97,22.01086956521739,35.1,71.1,,,,,,
BG,1986,2.02,22.11521739130435,35.5,71.6,,,,,,
BG,1987,1.96,22.25,35.7,71.4,,,,,,
BG,1988,1.97,22.367391304347827,35.9,71.4,,,,,,
BG,1989,1.9,22.426086956521743,36.0,71.4,,,,,,
BG,1990,1.82,22.502173913043475,36.5,71.2,,,,,,
BG,1991,1.66,22.547826086956523,36.8,71.3,,,,,,
BG,1992,1.55,22.55,37.1,71.3,,,,,,
BG,1993,1.46,22.573913043478264,37.5,71.3,,,,,,
BG,1994,1.37,22.593478260869563,37.8,71.0,,,,,,
BG,1995,1.23,22.532608695652176,38.0,71.0,,,47.653,,,
BG,1996,1.23,22.458695652173912,38.3,71.0,,,50.393,,,
BG,1997,1.09,22.345652173913045,38.5,70.4,,,43.544,,,
BG,1998,1.11,22.22826086956522,38.7,70.9,,,45.497,,,
BG,1999,1.23,22.119565217391305,38.9,71.7,,,41.911,,,
BG,2000,1.26,22.041304347826088,39.1,71.6,,,44.051,,,
BG,2001,1.21,21.954347826086956,39.3,71.9,,,47.22,,,
BG,2002,1.23,22.032608695652176,40.3,72.1,,,50.275,,,
BG,2003,1.26,21.969565217391306,40.6,72.2,,,53.214,,,
BG,2004,1.33,21.906521739130437,40.9,72.4,,,56.988,,,
BG,2005,1.37,21.85,41.2,72.3,,,61.334,,,
BG,2006,1.44,21.82608695652174,41.5,72.5,,,65.854,,,
BG,2007,1.49,21.821739130434782,41.7,72.7,,,70.596,,,
BG,2008,1.56,21.832608695652176,41.9,73.0,,,75.281,,,
BG,2009,1.66,21.87391304347826,42.0,73.4,,,73.128,45.4,19.4,
BG,2010,1.57,21.941304347826087,42.2,73.5,,,74.767,44.2,25.1,
BG,2011,1.51,22.036956521739132,42.5,73.9,,,78.261,44.0,28.2,
BG,2012,1.5,22.156521739130437,42.7,74.0,,,79.753,45.1,31.2,
BG,2013,1.54,25.080000000000002,43.3,74.5,-6.6,-11.9,80.482,46.8,31.5,
BG,2014,1.62,25.21818181818182,43.7,74.0,-6.6,-12.4,82.239,49.3,26.9,27.0
BG,2015,1.64,25.380000000000003,44.2,74.0,-6.7,-13.0,86.121,52.2,24.7,25.9
BG,2016,1.67,25.587272727272726,44.6,74.2,-6.8,-12.9,89.887,53.8,20.4,29.1
BG,2017,1.71,25.76727272727273,45.0,74.1,-6.8,-13.5,93.586,57.4,16.1,25.1
BG,2018,1.73,25.965454545454545,45.4,74.2,-7.0,-13.9,97.089,59.9,15.9,22.2
BG,2019,1.79,26.176363636363636,45.8,74.3,-7.3,-14.3,102.204,63.5,12.1,20.1
BG,2020,1.77,26.383636363636363,46.3,72.7,4.3,-5.7,100.0,63.4,17.5,24.5
BG,2021,1.8,26.52,46.4,70.6,6.3,-7.6,108.547,64.8,15.8,23.8
BG,2022,1.78,26.78363636363636,46.7,73.5,4.2,-5.4,113.718,68.3,10.6,22.5
BG,2023,1.81,26.919999999999998,46.8,75.1,6.4,-0.3,115.962,69.5,12.1,22.9
BG,2024,1.72,27.11090909090909,47.1,75.1,6.1,-1.3,119.986,69.9,12.3,23.8
BG,2025,,27.256363636363634,47.3,,,,124.038,71.2,13.1,29.9
CY,1960,,,,,,,,,,
CY,1961,,26.493548387096773,,,,,,,,
CY,1962,,102.8,,,,,,,,
CY,1963,,103.1,,,,,,,,
CY,1964,,103.2,,,,,,,,
CY,1965,,102.8,,,,,,,,
CY,1966,,103.1,,,,,,,,
CY,1967,,103.1,,,,,,,,
CY,1968,,103.4,,,,,,,,
CY,1969,,103.0,,,,,,,,
CY,1970,,102.6,,,,,,,,
CY,1971,,102.9,,,,,,,,
CY,1972,,103.6,,,,,,,,
CY,1973,,24.741935483870968,,,,,,,,
CY,1974,,102.2,,,,,,,,
CY,1975,,101.6,,,,,,,,
CY,1976,,25.98205128205128,27.4,,,,,,,
CY,1977,,100.1,,,,,,,,
CY,1978,,101.8,,,,,,,,
CY,1979,,102.0,,,,,,,,
CY,1980,,101.6,,,,,,,,
CY,1981,,101.6,,,,,,,,
CY,1982,2.48,22.754347826086956,28.9,,,,,,,
CY,1983,2.5,23.60232558139535,29.0,,,,,,,
CY,1984,2.52,23.66976744186047,29.2,,,,,,,
CY,1985,2.43,23.71627906976744,29.3,,,,,,,
CY,1986,2.46,23.78139534883721,29.5,,,,,,,
CY,1987,2.38,23.820930232558137,29.7,,,,,,,
CY,1988,2.49,23.846511627906978,29.9,,,,,,,
CY,1989,2.36,23.86046511627907,30.2,,,,,,,
CY,1990,2.41,23.790697674418606,30.5,,,,,,,
CY,1991,2.32,23.72325581395349,30.9,,,,,,,
CY,1992,2.48,23.65813953488372,31.2,,,,,,,
CY,1993,2.24,22.743478260869566,31.6,76.9,,,,,,
CY,1994,2.17,22.73478260869565,31.8,76.8,,,,,,
CY,1995,2.03,22.702173913043477,32.0,77.0,,,72.332,,,
CY,1996,1.95,22.680434782608696,32.3,77.3,,,72.078,,,
CY,1997,1.86,22.632608695652177,32.5,77.0,,,72.939,,,
CY,1998,1.76,22.563043478260873,32.8,76.7,,,76.451,,,
CY,1999,1.67,22.45434782608696,33.0,77.4,,,79.377,,,
CY,2000,1.64,22.339130434782607,33.3,77.1,,,83.228,,,
CY,2001,1.57,22.206521739130434,33.6,78.4,,,85.592,,,
CY,2002,1.49,22.06086956521739,34.2,78.0,,,87.764,,,
CY,2003,1.51,21.93695652173913,34.5,78.3,,,88.976,,,
CY,2004,1.52,21.786956521739132,34.7,78.4,,,92.206,,,
CY,2005,1.48,21.66304347826087,34.9,78.0,,,95.299,,,
CY,2006,1.52,21.545652173913044,35.1,79.4,,,98.14,,,
CY,2007,1.44,21.44782608695652,35.2,79.1,,,100.971,,,
CY,2008,1.48,21.295652173913044,35.4,79.9,,,102.058,,,
CY,2009,1.47,21.15434782608696,35.5,80.2,,,97.352,55.7,13.8,
CY,2010,1.44,21.058695652173913,35.6,80.8,,,97.004,56.3,16.6,
CY,2011,1.35,20.98478260869565,35.7,80.5,,,94.955,54.8,22.4,
CY,2012,1.39,20.858695652173914,35.8,80.4,,,90.456,50.7,27.7,
CY,2013,1.31,23.94909090909091,36.1,81.7,-8.2,-3.3,84.596,49.6,38.9,
CY,2014,1.31,24.052727272727275,36.6,81.5,-3.5,0.9,83.19,46.9,36.0,113.5
CY,2015,1.31,24.11090909090909,37.0,81.1,-0.5,3.4,85.845,48.5,32.8,111.6
CY,2016,1.36,24.16181818181818,37.4,82.0,2.5,7.1,91.007,52.2,29.1,106.9
CY,2017,1.34,24.245454545454546,37.9,81.5,6.3,10.0,95.427,55.3,24.7,96.5
CY,2018,1.36,24.28909090909091,38.4,82.2,9.1,13.1,100.248,60.9,20.2,100.7
CY,2019,1.4,24.329090909090908,38.9,81.8,10.0,13.7,104.728,61.1,17.6,92.3
CY,2020,1.36,24.381818181818183,39.3,81.9,9.4,13.3,100.0,60.4,17.6,113.6
CY,2021,1.39,24.436363636363637,39.6,81.0,13.2,16.6,109.743,62.2,17.3,96.5
CY,2022,1.37,24.485454545454548,39.9,81.4,17.5,20.6,117.135,64.9,18.1,80.1
CY,2023,1.4,24.581481481481482,40.2,82.4,14.4,18.0,119.059,66.7,16.5,71.1
CY,2024,1.38,24.545454545454547,40.6,82.8,13.9,17.0,121.601,69.9,13.0,62.7
CY,2025,,24.729090909090907,41.0,,,,124.226,71.0,13.5,55.0
CZ,1960,2.09,22.786956521739132,33.2,71.1,,,,,,
CZ,1961,2.11,22.839130434782607,33.2,71.1,,,,,,
CZ,1962,2.12,22.854347826086954,33.4,70.5,,,,,,
CZ,1963,2.31,22.843478260869563,33.5,71.0,,,,,,
CZ,1964,2.34,22.839130434782607,33.6,71.1,,,,,,
CZ,1965,2.18,22.849999999999998,33.7,71.0,,,,,,
CZ,1966,2.02,22.858695652173914,33.7,71.1,,,,,,
CZ,1967,1.91,22.77391304347826,33.8,71.0,,,,,,
CZ,1968,1.84,22.678260869565218,33.7,70.6,,,,,,
CZ,1969,1.87,22.608695652173914,33.7,70.1,,,,,,
CZ,1970,1.92,22.57608695652174,33.5,70.0,,,,,,
CZ,1971,2.0,22.61086956521739,33.4,70.2,,,,,,
CZ,1972,2.09,22.595652173913045,33.2,70.7,,,,,,
CZ,1973,2.31,22.604347826086954,33.0,70.6,,,,,,
CZ,1974,2.46,22.671739130434784,32.8,70.6,,,,,,
CZ,1975,2.43,22.789130434782606,32.7,70.9,,,,,,
CZ,1976,2.39,22.83695652173913,32.6,71.0,,,,,,
CZ,1977,2.34,22.845652173913045,32.6,71.0,,,,,,
CZ,1978,2.33,22.849999999999998,32.6,71.0,,,,,,
CZ,1979,2.27,22.88478260869565,32.7,71.0,,,,,,
CZ,1980,2.08,22.97391304347826,32.8,70.5,,,,,,
CZ,1981,2.0,23.01304347826087,33.1,70.9,,,,,,
CZ,1982,2.0,22.98913043478261,33.3,71.0,,,,,,
CZ,1983,1.97,22.932608695652174,33.5,70.7,,,,,,
CZ,1984,1.97,22.828260869565216,33.7,70.9,,,,,,
CZ,1985,1.95,22.77173913043478,33.9,71.0,,,,,,
CZ,1986,1.92,22.767391304347825,34.2,71.0,,,,,,
CZ,1987,1.91,22.782608695652176,34.4,71.4,,,,,,
CZ,1988,1.94,22.782608695652176,34.6,71.6,,,,,,
CZ,1989,1.87,22.789130434782606,34.9,71.5,,,,,,
CZ,1990,1.9,22.73695652173913,35.1,71.3,,,,,,
CZ,1991,1.86,22.710869565217394,35.4,71.8,,,,,,
CZ,1992,1.71,22.62608695652174,35.6,72.1,,,,,,
CZ,1993,1.67,22.495652173913044,35.8,72.6,,,,,,
CZ,1994,1.44,22.304347826086957,36.0,72.7,,,,,,
CZ,1995,1.28,22.069565217391304,36.2,72.8,,,58.441,,,
CZ,1996,1.18,21.84130434782609,36.4,73.4,,,60.968,,,
CZ,1997,1.17,21.628260869565217,36.6,73.5,,,60.674,,,
CZ,1998,1.16,21.421739130434784,36.8,74.1,,,60.486,,,
CZ,1999,1.13,21.26086956521739,37.1,74.2,,,61.392,,,
CZ,2000,1.15,21.097826086956523,37.3,74.4,,,63.919,,,
CZ,2001,1.15,21.002173913043478,37.6,74.6,,,66.094,,,
CZ,2002,1.17,20.95,37.9,74.7,,,67.248,,,
CZ,2003,1.18,20.902173913043477,38.3,74.6,,,69.462,,,
CZ,2004,1.23,20.86304347826087,38.6,75.2,,,72.715,,,
CZ,2005,1.29,20.86304347826087,38.8,75.4,,,77.145,,,
CZ,2006,1.34,20.83913043478261,39.0,76.0,,,81.993,,,
CZ,2007,1.45,20.89782608695652,39.2,76.3,,,86.024,,,
CZ,2008,1.51,20.93913043478261,39.3,76.5,,,87.366,,,
CZ,2009,1.51,21.01304347826087,39.4,76.6,,,82.684,46.8,16.6,
CZ,2010,1.51,21.14782608695652,39.6,76.9,,,84.72,46.5,18.3,
CZ,2011,1.43,21.30217391304348,39.8,77.2,,,86.391,47.7,18.1,
CZ,2012,1.45,21.480434782608697,40.1,77.4,,,85.642,49.3,19.5,
CZ,2013,1.46,21.695652173913043,40.4,77.5,-0.1,-0.4,85.643,51.6,19.0,
CZ,2014,1.53,21.906521739130437,40.8,77.9,2.1,2.5,87.554,54.0,15.9,41.5
CZ,2015,1.57,22.128260869565217,41.1,77.8,1.5,1.5,91.863,55.5,12.6,39.5
CZ,2016,1.63,22.369565217391305,41.5,78.2,1.9,2.4,94.179,58.5,10.5,36.2
CZ,2017,1.69,24.448979591836736,41.9,78.2,2.7,2.9,98.982,62.1,7.9,33.8
CZ,2018,1.71,24.720408163265304,42.3,78.2,3.6,3.7,101.656,65.1,6.7,31.7
CZ,2019,1.71,24.942857142857143,42.6,78.4,4.1,4.1,105.12,66.7,5.6,29.6
CZ,2020,1.74,25.26875,43.0,77.5,2.5,0.7,100.0,68.2,8.0,36.9
CZ,2021,1.83,25.53469387755102,43.6,76.4,4.8,2.1,104.042,69.8,8.2,40.7
CZ,2022,1.64,26.081818181818182,43.8,78.2,30.9,29.1,104.432,72.9,6.8,42.5
CZ,2023,1.46,26.14,43.7,79.0,8.7,6.7,103.343,74.0,8.3,42.2
CZ,2024,1.36,26.203636363636363,44.0,79.3,3.4,0.8,104.47,77.0,9.1,43.3
CZ,2025,,26.254545454545454,44.3,,,,107.176,78.3,10.4,44.3
DE,1960,,21.919565217391302,34.4,,,,,,,
DE,1961,,21.902173913043477,34.4,,,,,,,
DE,1962,,21.995652173913044,34.5,,,,,,,
DE,1963,,22.12391304347826,34.4,,,,,,,
DE,1964,,22.29565217391304,34.4,,,,,,,
DE,1965,,22.45,34.3,,,,,,,
DE,1966,,22.695652173913043,34.2,,,,,,,
DE,1967,,22.95,34.0,,,,,,,
DE,1968,,23.23695652173913,34.0,,,,,,,
DE,1969,,23.35217391304348,34.0,,,,,,,
DE,1970,,23.354347826086954,34.0,,,,,,,
DE,1971,,23.47608695652174,34.3,,,,,,,
DE,1972,,23.48913043478261,34.4,,,,,,,
DE,1973,,23.491304347826084,34.6,,,,,,,
DE,1974,,23.460869565217394,34.8,,,,,,,
DE,1975,,23.491304347826084,35.2,,,,,,,
DE,1976,,23.460869565217394,35.6,,,,,,,
DE,1977,,23.323913043478264,36.1,,,,,,,
DE,1978,,23.156521739130437,36.4,,,,,,,
DE,1979,,22.967391304347824,36.7,,,,,,,
DE,1980,,22.767391304347825,36.8,,,,,,,
DE,1981,,22.569565217391304,36.9,,,,,,,
DE,1982,,22.319565217391304,37.1,,,,,,,
DE,1983,,22.067391304347826,37.1,,,,,,,
DE,1984,,21.795652173913044,37.3,,,,,,,
DE,1985,,21.582608695652176,37.4,74.8,,,,,,
DE,1986,,21.441304347826087,37.6,75.0,,,,,,
DE,1987,,21.32391304347826,37.7,75.4,,,,,,
DE,1988,,21.23478260869565,38.2,75.6,,,,,,
DE,1989,,21.193478260869565,38.3,75.7,,,,,,
DE,1990,,21.119565217391305,38.1,76.9,,,,,,
DE,1991,,21.258695652173913,37.6,75.2,,,72.419,,,
DE,1992,,21.252173913043478,37.7,75.6,,,73.393,,,
DE,1993,,21.245652173913044,37.8,75.7,,,72.279,,,
DE,1994,,21.31086956521739,38.0,76.0,,,73.972,,,
DE,1995,,21.41521739130435,38.2,76.1,,,74.936,,,
DE,1996,,21.5,38.5,76.4,,,75.567,,,
DE,1997,,21.608695652173914,38.7,76.8,,,76.927,,,
DE,1998,,21.708695652173912,39.1,77.2,,,78.601,,,
DE,1999,,21.8,39.4,77.4,,,80.298,,,
DE,2000,1.38,21.94782608695652,39.8,77.6,,,82.573,,,
DE,2001,1.35,22.082608695652173,40.2,77.9,,,83.862,,,
DE,2002,1.34,22.195652173913043,40.6,77.9,,,83.608,,,
DE,2003,1.34,22.26086956521739,40.9,78.0,,,83.195,,,
DE,2004,1.36,22.349999999999998,41.4,78.6,,,84.257,,,
DE,2005,1.34,22.460869565217394,41.8,78.7,,,85.128,,,
DE,2006,1.33,22.528260869565216,42.3,79.2,,,88.598,,,
DE,2007,1.37,22.580434782608698,42.8,79.4,,,91.362,,,
DE,2008,1.38,22.60217391304348,43.2,79.5,,,92.433,,,
DE,2009,1.36,22.654347826086955,43.7,79.6,,,87.613,55.3,11.9,
DE,2010,1.39,22.71521739130435,44.2,79.8,,,91.461,57.0,10.5,
DE,2011,1.39,22.81086956521739,44.7,79.9,,,94.909,59.2,9.1,
DE,2012,1.41,22.815217391304348,45.0,80.0,,,95.219,60.7,8.6,
DE,2013,1.42,22.849999999999998,45.4,79.9,5.6,3.0,95.44,62.7,8.3,
DE,2014,1.47,22.880434782608695,45.6,80.2,7.2,5.3,97.23,64.6,8.2,74.5
DE,2015,1.5,22.95434782608696,45.9,79.8,14.3,12.0,98.132,65.2,7.7,71.2
DE,2016,1.6,22.97608695652174,45.8,80.1,5.6,4.2,99.674,67.6,7.5,68.3
DE,2017,1.57,25.044897959183675,45.9,80.2,5.1,3.3,102.25,69.2,7.2,64.0
DE,2018,1.57,25.151020408163262,46.0,80.1,4.8,2.7,103.261,70.5,6.6,60.8
DE,2019,1.54,25.251020408163264,46.0,80.5,3.7,1.8,104.212,71.7,6.1,58.7
DE,2020,1.53,25.585416666666664,45.9,80.3,2.4,-0.1,100.0,70.7,7.9,68.0
DE,2021,1.58,25.553061224489795,45.9,79.9,3.7,1.0,104.076,71.9,7.0,67.9
DE,2022,1.46,25.712244897959184,45.8,79.8,2.5,-1.4,105.273,73.3,6.0,64.4
DE,2023,1.39,26.41296296296296,45.7,80.1,8.1,4.1,103.408,74.5,5.9,62.3
DE,2024,1.36,26.36,45.5,80.4,5.4,1.4,102.612,75.0,6.6,62.2
DE,2025,,26.509090909090908,45.5,,,,102.844,75.3,7.1,63.5
DK,1960,2.57,23.184782608695652,33.0,,,,,,,
DK,1961,2.55,23.2,33.1,,,,,,,
DK,1962,2.55,23.202173913043477,33.1,,,,,,,
DK,1963,2.67,23.154347826086955,33.0,,,,,,,
DK,1964,2.6,23.12826086956522,33.0,,,,,,,
DK,1965,2.61,23.078260869565216,32.8,,,,,,,
DK,1966,2.62,23.02391304347826,32.7,,,,,,,
DK,1967,2.35,22.967391304347824,32.5,,,,,,,
DK,1968,2.12,22.930434782608696,32.4,,,,,,,
DK,1969,2.0,22.92391304347826,32.4,,,,,,,
DK,1970,1.95,22.915217391304346,32.5,,,,,,,
DK,1971,2.04,22.882608695652173,32.5,,,,,,,
DK,1972,2.03,22.941304347826087,32.5,,,,,,,
DK,1973,1.92,22.97608695652174,32.5,,,,,,,
DK,1974,1.9,22.993478260869566,32.6,73.7,,,,,,
DK,1975,1.92,23.047826086956523,32.7,73.9,,,,,,
DK,1976,1.75,23.082608695652173,32.9,73.5,,,,,,
DK,1977,1.66,23.073913043478264,33.1,74.4,,,,,,
DK,1978,1.67,23.067391304347826,33.5,74.2,,,,,,
DK,1979,1.6,23.04565217391304,33.8,73.9,,,,,,
DK,1980,1.55,22.993478260869566,34.1,73.8,,,,,,
DK,1981,1.44,22.945652173913043,34.5,73.9,,,,,,
DK,1982,1.43,22.845652173913045,34.9,74.3,,,,,,
DK,1983,1.38,22.756521739130434,35.3,74.1,,,,,,
DK,1984,1.4,22.632608695652173,35.6,74.3,,,,,,
DK,1985,1.45,22.48913043478261,36.0,74.1,,,,,,
DK,1986,1.48,22.354347826086954,36.2,74.3,,,,,,
DK,1987,1.5,22.208695652173912,36.4,74.4,,,,,,
DK,1988,1.56,22.09565217391304,36.6,74.5,,,,,,
DK,1989,1.62,22.032608695652176,36.8,74.5,,,,,,
DK,1990,1.67,21.991304347826087,37.0,74.5,,,,,,
DK,1991,1.68,21.93913043478261,37.2,74.8,,,,,,
DK,1992,1.76,21.87391304347826,37.3,74.8,,,,,,
DK,1993,1.75,21.81086956521739,37.4,74.6,,,,,,
DK,1994,1.81,21.758695652173913,37.6,74.9,,,,,,
DK,1995,1.8,21.732608695652175,37.7,74.7,,,77.485,,,
DK,1996,1.75,21.680434782608696,37.7,75.1,,,79.242,,,
DK,1997,1.75,21.691304347826087,37.8,75.5,,,81.406,,,
DK,1998,1.72,21.704347826086956,37.9,75.9,,,83.012,,,
DK,1999,1.73,21.73913043478261,38.1,76.0,,,85.197,,,
DK,2000,1.77,21.793478260869566,38.2,76.3,,,88.073,,,
DK,2001,1.74,21.863043478260867,38.4,76.4,,,88.597,,,
DK,2002,1.72,21.956521739130434,38.6,76.4,,,88.699,,,
DK,2003,1.76,22.065217391304348,38.8,76.8,,,88.86,,,
DK,2004,1.78,22.204347826086956,39.1,77.2,,,91.098,,,
DK,2005,1.8,22.345652173913045,39.4,77.6,,,92.981,,,
DK,2006,1.85,22.502173913043475,39.7,77.7,,,96.206,,,
DK,2007,1.84,22.63913043478261,40.0,77.7,,,96.735,,,
DK,2008,1.89,22.76521739130435,40.2,78.1,,,95.765,,,
DK,2009,1.84,22.86304347826087,40.3,78.3,,,90.509,54.7,13.5,
DK,2010,1.87,22.97391304347826,40.5,78.6,,,91.531,55.5,15.6,
DK,2011,1.75,23.084782608695654,40.6,79.1,,,92.35,57.0,16.4,
DK,2012,1.73,23.191304347826087,40.8,79.4,,,92.006,57.9,15.8,
DK,2013,1.67,23.27173913043478,41.0,79.6,3.8,4.4,92.913,58.8,14.8,
DK,2014,1.69,23.319565217391304,41.3,80.0,4.8,5.8,93.599,60.7,14.2,48.7
DK,2015,1.71,23.345652173913045,41.5,80.0,7.4,8.4,94.911,63.0,12.2,44.6
DK,2016,1.79,23.339130434782607,41.5,80.1,5.7,7.2,97.037,65.8,12.2,41.7
DK,2017,1.75,25.81836734693878,41.6,80.4,4.2,5.6,99.373,68.2,12.4,40.2
DK,2018,1.73,25.86122448979592,41.8,80.3,3.2,4.3,100.718,69.2,10.5,38.5
DK,2019,1.7,25.908163265306122,41.9,80.7,1.6,2.9,102.036,71.3,10.1,38.3
DK,2020,1.68,26.114583333333332,42.1,80.8,1.9,3.0,100.0,71.4,11.7,45.2
DK,2021,1.72,26.040816326530614,42.2,80.7,4.6,5.7,106.051,72.3,10.8,39.6
DK,2022,1.55,26.091836734693878,42.3,80.5,10.2,10.0,105.584,72.9,10.6,33.3
DK,2023,1.5,26.534545454545455,42.2,80.9,5.0,4.8,105.48,74.2,11.5,33.0
DK,2024,1.47,26.552727272727275,42.2,81.4,5.3,5.3,108.622,75.0,14.6,30.5
DK,2025,,26.561818181818182,42.2,,,,111.226,74.7,13.8,27.9
EE,1960,1.98,36.800000000000004,32.0,70.6,,,,,,
EE,1961,1.98,36.92857142857143,32.3,70.7,,,,,,
EE,1962,1.95,36.871428571428574,32.5,70.6,,,,,,
EE,1963,1.89,37.01428571428572,32.6,70.8,,,,,,
EE,1964,1.94,37.371428571428574,32.8,71.6,,,,,,
EE,1965,1.88,37.75714285714286,33.0,71.2,,,,,,
EE,1966,1.87,38.05714285714286,33.1,71.2,,,,,,
EE,1967,1.9,38.228571428571435,33.3,71.4,,,,,,
EE,1968,2.03,38.385714285714286,33.4,70.9,,,,,,
EE,1969,2.13,38.41428571428571,33.5,70.5,,,,,,
EE,1970,2.17,22.59130434782609,33.6,70.7,,,,,,
EE,1971,2.19,22.563043478260873,33.7,70.9,,,,,,
EE,1972,2.13,22.584782608695654,33.8,70.5,,,,,,
EE,1973,2.06,22.617391304347827,34.0,70.9,,,,,,
EE,1974,2.07,22.62826086956522,34.1,71.1,,,,,,
EE,1975,2.04,22.63478260869565,34.2,70.5,,,,,,
EE,1976,2.07,22.59130434782609,34.4,70.0,,,,,,
EE,1977,2.06,22.52608695652174,34.4,70.1,,,,,,
EE,1978,2.02,22.445652173913043,34.2,69.8,,,,,,
EE,1979,2.0,22.38478260869565,33.9,69.7,,,,,,
EE,1980,2.02,22.339130434782607,33.7,69.7,,,,,,
EE,1981,2.07,22.27173913043478,33.7,69.6,,,,,,
EE,1982,2.07,22.213043478260868,33.7,70.1,,,,,,
EE,1983,2.16,22.167391304347827,33.8,69.9,,,,,,
EE,1984,2.17,22.191304347826087,33.8,69.6,,,,,,
EE,1985,2.13,22.195652173913043,33.8,69.7,,,,,,
EE,1986,2.18,22.202173913043477,33.9,71.1,,,,,,
EE,1987,2.27,22.282608695652176,33.9,71.1,,,,,,
EE,1988,2.27,22.367391304347827,34.0,70.9,,,,,,
EE,1989,2.22,22.452173913043477,34.1,70.6,,,,,,
EE,1990,2.05,22.493478260869566,34.2,69.7,,,,,,
EE,1991,1.8,22.530434782608697,34.5,69.7,,,,,,
EE,1992,1.71,22.599999999999998,34.8,69.2,,,,,,
EE,1993,1.49,22.72391304347826,35.3,68.1,,,,,,
EE,1994,1.42,22.77608695652174,35.8,66.6,,,,,,
EE,1995,1.38,22.813043478260873,36.2,67.7,,,35.648,,,
EE,1996,1.37,22.854347826086954,36.5,69.6,,,38.012,,,
EE,1997,1.32,22.895652173913046,36.8,69.8,,,43.559,,,
EE,1998,1.28,22.934782608695652,37.2,69.3,,,45.87,,,
EE,1999,1.3,22.88478260869565,37.5,70.3,,,46.136,,,
EE,2000,1.36,22.55652173913043,37.9,70.7,,,49.989,,,
EE,2001,1.32,22.517391304347825,38.2,70.5,,,53.255,,,
EE,2002,1.36,22.506521739130434,38.5,70.8,,,57.326,,,
EE,2003,1.37,22.482608695652175,38.7,71.4,,,62.053,,,
EE,2004,1.47,22.38478260869565,39.0,71.9,,,66.705,,,
EE,2005,1.52,22.330434782608698,39.2,72.4,,,73.455,,,
EE,2006,1.58,22.293478260869566,39.4,72.5,,,81.115,,,
EE,2007,1.69,22.323913043478264,39.6,72.6,,,87.763,,,
EE,2008,1.72,22.315217391304348,39.8,73.7,,,83.545,,,
EE,2009,1.7,22.27608695652174,39.9,74.6,,,71.467,60.3,27.2,
EE,2010,1.72,22.27391304347826,40.1,75.3,,,73.349,53.8,32.6,
EE,2011,1.61,22.297826086956523,40.4,75.8,,,79.142,57.5,22.3,
EE,2012,1.56,22.410869565217393,40.7,76.0,,,82.327,60.5,20.7,
EE,2013,1.52,25.25090909090909,41.0,76.7,-2.0,-3.3,84.091,62.6,18.6,
EE,2014,1.54,25.34181818181818,41.3,76.3,-0.5,-1.9,87.175,64.0,14.9,11.6
EE,2015,1.58,25.489090909090912,41.4,76.9,3.0,2.0,88.947,64.1,14.3,10.8
EE,2016,1.6,25.605454545454545,41.6,77.0,0.8,-0.2,91.517,65.0,14.0,10.2
EE,2017,1.59,25.76909090909091,41.8,77.4,4.0,2.7,96.695,67.9,12.1,9.4
EE,2018,1.67,25.87818181818182,42.0,77.5,5.3,4.3,100.004,68.4,12.0,8.5
EE,2019,1.66,25.989090909090912,42.1,77.9,4.0,3.1,103.286,71.9,11.6,9.0
EE,2020,1.58,26.156363636363636,42.3,77.9,2.8,0.9,100.0,71.3,18.3,19.1
EE,2021,1.61,25.902040816326533,42.5,76.3,5.3,1.3,108.159,71.6,16.7,18.4
EE,2022,1.41,25.979591836734695,42.6,77.2,29.5,25.3,106.694,73.7,18.6,19.2
EE,2023,1.31,26.39818181818182,42.3,78.1,10.1,6.4,101.177,76.0,17.3,20.2
EE,2024,1.18,26.46909090909091,42.5,78.5,1.0,-3.4,100.438,75.7,19.1,23.5
EE,2025,,26.567272727272726,42.9,,,,101.371,77.0,20.7,24.1
EL,1960,2.23,,,,,,,,,
EL,1961,2.13,,,73.8,,,,,,
EL,1962,2.16,,,73.7,,,,,,
EL,1963,2.14,,,73.8,,,,,,
EL,1964,2.24,,,73.5,,,,,,
EL,1965,2.25,,,74.0,,,,,,
EL,1966,2.32,,,74.1,,,,,,
EL,1967,2.45,,,73.9,,,,,,
EL,1968,2.42,,,74.0,,,,,,
EL,1969,2.36,,,74.4,,,,,,
EL,1970,2.4,22.867391304347827,33.9,74.9,,,,,,
EL,1971,2.32,23.15434782608696,33.1,75.1,,,,,,
EL,1972,2.32,23.208695652173912,33.3,74.9,,,,,,
EL,1973,2.27,23.26086956521739,33.4,75.0,,,,,,
EL,1974,2.38,23.30217391304348,33.8,75.5,,,,,,
EL,1975,2.33,23.343478260869563,33.9,75.2,,,,,,
EL,1976,2.35,23.304347826086957,33.9,75.2,,,,,,
EL,1977,2.27,23.29565217391304,33.8,75.2,,,,,,
EL,1978,2.28,23.293478260869566,33.8,75.7,,,,,,
EL,1979,2.26,23.221739130434784,33.9,76.0,,,,,,
EL,1980,2.23,23.171739130434784,34.0,75.6,,,,,,
EL,1981,2.09,22.941304347826087,34.3,75.9,,,,,,
EL,1982,2.03,22.893478260869564,34.5,76.1,,,,,,
EL,1983,1.94,22.804347826086957,34.7,75.8,,,,,,
EL,1984,1.83,22.710869565217394,34.9,76.3,,,,,,
EL,1985,1.67,22.630434782608695,35.2,76.0,,,,,,
EL,1986,1.6,22.702173913043477,35.0,76.3,,,,,,
EL,1987,1.5,22.62608695652174,35.3,76.1,,,,,,
EL,1988,1.5,22.554347826086957,35.5,76.6,,,,,,
EL,1989,1.4,22.48478260869565,35.8,76.7,,,,,,
EL,1990,1.39,22.382608695652173,36.0,76.9,,,,,,
EL,1991,1.37,22.321739130434782,36.1,77.0,,,,,,
EL,1992,1.36,22.27173913043478,36.3,76.9,,,,,,
EL,1993,1.32,22.215217391304346,36.6,77.2,,,,,,
EL,1994,1.33,22.169565217391302,36.9,77.4,,,,,,
EL,1995,1.28,22.139130434782608,37.1,77.4,,,90.681,,,
EL,1996,1.26,22.1,37.4,77.5,,,91.531,,,
EL,1997,1.27,22.07391304347826,37.7,77.9,,,94.361,,,
EL,1998,1.24,22.028260869565216,37.9,77.9,,,97.065,,,
EL,1999,1.23,21.976086956521737,38.2,78.0,,,99.265,,,
EL,2000,1.25,21.956521739130434,38.5,78.1,,,102.951,,,
EL,2001,1.25,21.954347826086956,38.7,78.5,,,107.179,,,
EL,2002,1.28,22.16304347826087,38.3,78.6,,,111.788,,,
EL,2003,1.29,22.12608695652174,38.6,78.6,,,117.986,,,
EL,2004,1.31,22.097826086956523,38.9,78.7,,,124.024,,,
EL,2005,1.34,22.1,39.2,78.9,,,125.124,,,
EL,2006,1.4,22.11521739130435,39.5,79.2,,,132.787,,,
EL,2007,1.41,22.156521739130437,39.9,79.0,,,137.094,,,
EL,2008,1.5,22.202173913043477,40.3,79.5,,,136.81,,,
EL,2009,1.5,22.26521739130435,40.7,79.6,,,130.83,42.3,26.1,
EL,2010,1.48,22.354347826086954,41.1,79.9,,,123.221,42.2,33.6,
EL,2011,1.4,,,80.0,,,111.215,39.3,45.2,
EL,2012,1.34,25.176363636363636,42.0,79.9,,,102.503,36.2,55.9,
EL,2013,1.29,25.312727272727273,42.4,80.7,-6.2,-7.8,100.903,35.3,59.2,
EL,2014,1.3,25.46727272727273,43.0,80.3,-5.0,-7.0,102.382,33.9,53.0,182.7
EL,2015,1.33,25.580000000000002,43.5,80.1,-4.9,-7.7,102.823,34.3,50.3,179.6
EL,2016,1.38,25.696363636363635,44.0,80.4,-0.2,-2.6,103.219,36.1,48.2,183.1
EL,2017,1.35,25.819999999999997,44.3,80.3,-0.4,-3.8,104.947,38.1,44.5,182.1
EL,2018,1.35,25.936363636363637,44.7,80.8,0.2,-3.0,107.332,40.8,41.2,189.0
EL,2019,1.34,26.036363636363635,45.1,80.7,1.7,-2.1,109.892,42.9,37.5,183.2
EL,2020,1.39,26.14,45.4,80.4,-1.0,-5.4,100.0,42.6,38.0,209.4
EL,2021,1.43,26.236363636363638,45.8,79.3,-3.3,-8.9,109.249,48.3,35.5,197.3
EL,2022,1.32,26.329090909090908,46.2,80.1,0.4,-5.7,115.948,51.9,31.4,177.8
EL,2023,1.26,26.443636363636365,46.6,81.0,2.9,-2.5,118.774,54.1,26.7,164.3
EL,2024,1.24,26.56,46.9,81.2,5.2,-0.3,121.446,57.3,22.5,154.2
EL,2025,,26.676363636363636,47.2,,,,123.889,59.6,19.1,146.1
ES,1960,,23.44418604651163,29.6,,,,,,,
ES,1961,,104.5,,,,,,,,
ES,1962,,23.558139534883722,29.6,,,,,,,
ES,1963,,23.65581395348837,29.8,,,,,,,
ES,1964,,23.751162790697673,30.0,,,,,,,
ES,1965,,23.86046511627907,30.2,,,,,,,
ES,1966,,23.94651162790698,30.4,,,,,,,
ES,1967,,23.97441860465116,30.4,,,,,,,
ES,1968,,24.118604651162787,30.3,,,,,,,
ES,1969,,24.209302325581394,30.2,,,,,,,
ES,1970,,23.235555555555553,30.2,,,,,,,
ES,1971,2.9,23.517391304347825,30.1,,,,,,,
ES,1972,2.87,23.56086956521739,30.0,,,,,,,
ES,1973,2.84,23.578260869565216,29.9,,,,,,,
ES,1974,2.88,23.61304347826087,30.0,,,,,,,
ES,1975,2.77,23.667391304347827,30.0,73.8,,,,,,
ES,1976,2.77,23.69782608695652,30.1,74.0,,,,,,
ES,1977,2.65,23.721739130434784,30.2,74.4,,,,,,
ES,1978,2.54,23.70434782608696,30.3,74.5,,,,,,
ES,1979,2.37,23.66304347826087,30.5,75.0,,,,,,
ES,1980,2.22,23.60217391304348,30.7,75.4,,,,,,
ES,1981,2.04,23.53478260869565,30.8,75.6,,,,,,
ES,1982,1.94,23.436956521739127,31.0,76.2,,,,,,
ES,1983,1.8,23.32608695652174,31.2,75.9,,,,,,
ES,1984,1.73,23.2,31.5,76.2,,,,,,
ES,1985,1.64,23.05217391304348,31.7,76.0,,,,,,
ES,1986,1.56,22.934782608695652,32.0,76.4,,,,,,
ES,1987,1.49,22.834782608695654,32.3,76.6,,,,,,
ES,1988,1.45,22.73478260869565,32.6,76.5,,,,,,
ES,1989,1.4,22.64782608695652,33.0,76.6,,,,,,
ES,1990,1.36,22.552173913043475,33.4,76.5,,,,,,
ES,1991,1.33,22.445652173913043,33.7,76.6,,,,,,
ES,1992,1.31,22.330434782608698,34.1,77.1,,,,,,
ES,1993,1.26,22.2,34.4,77.2,,,,,,
ES,1994,1.19,22.093478260869563,34.8,77.5,,,,,,
ES,1995,1.16,21.965217391304346,35.2,77.5,,,80.609,,,
ES,1996,1.14,21.843478260869563,35.6,77.7,,,82.368,,,
ES,1997,1.15,21.72826086956522,36.0,78.2,,,84.97,,,
ES,1998,1.13,21.63478260869565,36.4,78.2,,,88.263,,,
ES,1999,1.17,21.51086956521739,36.8,78.2,,,91.799,,,
ES,2000,1.22,21.41521739130435,37.2,78.7,,,96.134,,,
ES,2001,1.23,21.391304347826086,37.6,79.1,,,99.383,,,
ES,2002,1.25,21.347826086956523,37.9,79.2,,,100.5,,,
ES,2003,1.3,21.258695652173913,38.1,79.0,,,101.56,,,
ES,2004,1.31,21.19782608695652,38.3,79.7,,,103.103,,,
ES,2005,1.33,21.132608695652173,38.6,79.6,,,104.8,,,
ES,2006,1.36,21.145652173913046,38.8,80.4,,,107.322,,,
ES,2007,1.38,21.15,39.0,80.4,,,108.964,,,
ES,2008,1.45,21.145652173913046,39.2,80.8,,,108.015,,,
ES,2009,1.38,21.23913043478261,39.4,81.2,,,103.084,44.0,37.7,
ES,2010,1.37,21.38478260869565,39.9,81.6,,,102.749,43.5,41.5,
ES,2011,1.34,21.534782608695654,40.3,81.8,,,101.712,44.5,46.2,
ES,2012,1.32,21.67608695652174,40.8,81.8,,,98.77,43.9,52.9,
ES,2013,1.27,24.294545454545457,41.3,82.4,-5.4,-4.7,97.712,43.2,55.5,
ES,2014,1.32,24.470909090909092,41.8,82.1,-2.2,-1.5,99.514,44.3,53.2,104.4
ES,2015,1.33,24.616363636363637,42.3,81.9,-0.1,-0.1,103.663,46.9,48.3,102.5
ES,2016,1.33,24.734545454545458,42.7,82.3,1.7,1.7,106.587,49.1,44.4,102.0
ES,2017,1.31,24.852727272727275,43.2,82.3,3.8,3.2,109.477,50.5,38.6,101.2
ES,2018,1.26,24.963636363636365,43.5,82.4,7.0,5.9,111.608,52.2,34.3,99.8
ES,2019,1.23,25.036363636363635,43.9,82.7,9.7,8.5,112.897,53.8,32.5,97.7
ES,2020,1.18,25.10181818181818,44.2,81.5,5.0,1.7,100.0,54.7,38.3,119.3
ES,2021,1.18,25.145454545454545,44.6,82.2,4.2,1.8,106.679,55.8,35.0,115.7
ES,2022,1.16,25.259999999999998,45.1,82.3,15.3,12.5,112.431,57.7,29.7,109.3
ES,2023,1.12,25.3,45.3,83.0,13.4,11.1,113.849,59.5,28.7,105.2
ES,2024,1.1,25.34909090909091,45.6,83.3,12.8,10.4,116.567,61.1,26.5,101.6
ES,2025,,25.405454545454546,45.8,,,,118.752,62.4,24.9,100.7
FI,1960,2.72,23.45434782608696,28.4,,,,,,,
FI,1961,2.72,23.519565217391307,28.5,,,,,,,
FI,1962,2.68,23.38478260869565,28.5,,,,,,,
FI,1963,2.68,23.419565217391302,28.4,,,,,,,
FI,1964,2.59,23.38695652173913,28.4,,,,,,,
FI,1965,2.48,23.36521739130435,28.5,,,,,,,
FI,1966,2.41,23.210869565217394,28.6,,,,,,,
FI,1967,2.32,23.028260869565216,28.8,,,,,,,
FI,1968,2.14,22.813043478260873,28.9,,,,,,,
FI,1969,1.93,22.630434782608695,29.1,,,,,,,
FI,1970,1.83,22.52173913043478,29.4,,,,,,,
FI,1971,1.68,22.41304347826087,29.8,,,,,,,
FI,1972,1.58,22.27391304347826,30.1,,,,,,,
FI,1973,1.49,22.130434782608695,30.1,,,,,,,
FI,1974,1.61,22.01304347826087,30.3,,,,,,,
FI,1975,1.68,21.93913043478261,30.5,,,,,,,
FI,1976,1.7,21.878260869565217,30.8,,,,,,,
FI,1977,1.68,21.83913043478261,31.2,,,,,,,
FI,1978,1.64,21.82608695652174,31.6,,,,,,,
FI,1979,1.64,21.797826086956523,32.1,,,,,,,
FI,1980,1.63,21.752173913043478,32.6,73.3,,,53.591,,,
FI,1981,1.64,21.73695652173913,33.0,73.5,,,54.05,,,
FI,1982,1.71,21.695652173913043,33.4,74.1,,,55.408,,,
FI,1983,1.74,21.669565217391302,33.8,74.0,,,56.788,,,
FI,1984,1.69,21.641304347826086,34.2,74.3,,,58.308,,,
FI,1985,1.64,21.606521739130436,34.5,74.0,,,60.121,,,
FI,1986,1.6,21.619565217391305,34.9,74.3,,,61.576,,,
FI,1987,1.59,21.62608695652174,35.3,74.3,,,63.589,,,
FI,1988,1.69,21.628260869565217,35.7,74.3,,,66.721,,,
FI,1989,1.71,21.67608695652174,36.0,74.5,,,69.86,,,
FI,1990,1.78,21.741304347826087,36.3,74.5,,,70.033,,,
FI,1991,1.79,21.815217391304348,36.6,74.9,,,65.555,,,
FI,1992,1.85,21.878260869565217,36.9,75.1,,,63.029,,,
FI,1993,1.81,21.945652173913043,37.1,75.3,,,62.236,,,
FI,1994,1.85,22.017391304347825,37.4,76.0,,,64.425,,,
FI,1995,1.81,22.08695652173913,37.7,76.0,,,66.897,,,
FI,1996,1.78,22.128260869565217,38.0,76.3,,,69.119,,,
FI,1997,1.75,22.14782608695652,38.3,76.5,,,73.324,,,
FI,1998,1.7,22.152173913043477,38.6,76.7,,,77.118,,,
FI,1999,1.73,22.156521739130437,38.9,76.8,,,80.316,,,
FI,2000,1.73,22.17608695652174,39.2,77.1,,,84.761,,,
FI,2001,1.73,22.178260869565218,39.5,77.5,,,86.801,,,
FI,2002,1.72,22.23913043478261,39.8,77.6,,,88.052,,,
FI,2003,1.76,22.22391304347826,40.1,77.8,,,89.61,,,
FI,2004,1.8,22.25,40.5,78.2,,,92.928,,,
FI,2005,1.8,22.313043478260873,40.8,78.4,,,95.183,,,
FI,2006,1.84,22.391304347826086,41.1,78.8,,,98.629,,,
FI,2007,1.83,22.573913043478264,41.3,78.8,,,103.429,,,
FI,2008,1.85,22.669565217391302,41.5,79.1,,,103.756,,,
FI,2009,1.86,22.786956521739132,41.8,79.3,,,94.921,54.8,21.7,
FI,2010,1.87,22.917391304347827,42.0,79.4,,,97.481,55.4,22.0,
FI,2011,1.83,23.067391304347826,42.1,79.8,,,99.35,56.1,20.3,
FI,2012,1.8,23.25,42.2,79.9,,,97.373,57.4,19.5,
FI,2013,1.75,23.428260869565218,42.3,80.3,3.3,4.5,95.975,57.8,20.6,
FI,2014,1.71,26.367272727272727,42.4,80.2,2.8,3.8,95.106,58.5,20.5,64.8
FI,2015,1.65,26.54,42.4,80.5,2.3,2.8,95.236,59.1,22.5,68.8
FI,2016,1.57,26.68909090909091,42.5,80.5,3.1,2.9,97.422,60.6,20.5,68.6
FI,2017,1.49,26.818181818181817,42.5,80.7,2.4,1.8,100.404,61.7,20.0,66.6
FI,2018,1.41,26.96,42.7,80.8,2.1,0.9,101.455,64.6,17.3,65.4
FI,2019,1.35,27.072727272727274,42.9,81.1,2.8,1.3,102.724,65.9,17.7,65.3
FI,2020,1.37,27.165454545454544,43.1,81.0,3.2,1.5,100.0,66.6,21.0,75.3
FI,2021,1.46,27.26727272727273,43.3,81.0,4.1,2.6,102.476,68.3,17.1,73.1
FI,2022,1.32,27.356363636363636,43.4,80.4,6.1,2.8,102.972,71.2,14.2,74.0
FI,2023,1.26,27.36,43.5,80.7,10.4,7.1,101.27,71.7,16.2,77.0
FI,2024,1.25,27.325454545454548,43.4,81.4,8.3,5.7,100.863,71.7,18.8,82.4
FI,2025,,27.325454545454548,43.5,,,,100.518,72.3,21.8,88.5
FR,1960,,,,,,,,,,
FR,1961,,,,,,,,,,
FR,1962,,,,,,,,,,
FR,1963,,,,,,,,,,
FR,1964,,,,,,,,,,
FR,1965,,,,,,,,,,
FR,1966,,,,,,,,,,
FR,1967,,,,,,,,,,
FR,1968,,,,,,,,,,
FR,1969,,,,,,,,,,
FR,1970,,,,,,,,,,
FR,1971,,,,,,,,,,
FR,1972,,,,,,,,,,
FR,1973,,,,,,,,,,
FR,1974,,,,,,,,,,
FR,1975,,,,,,,55.983,,,
FR,1976,,,,,,,58.177,,,
FR,1977,,,,,,,59.975,,,
FR,1978,,,,,,,62.071,,,
FR,1979,,,,,,,64.086,,,
FR,1980,,,,,,,64.827,,,
FR,1981,,,,,,,65.229,,,
FR,1982,,,,,,,66.433,,,
FR,1983,,,,,,,66.914,,,
FR,1984,,,,,,,67.665,,,
FR,1985,,,,,,,68.389,,,
FR,1986,,,,,,,69.674,,,
FR,1987,,,,,,,71.073,,,
FR,1988,,,,,,,74.073,,,
FR,1989,,,,,,,76.886,,,
FR,1990,,,,,,,78.642,,,
FR,1991,,22.539130434782606,34.7,,,,79.229,,,
FR,1992,,22.55,35.0,,,,80.045,,,
FR,1993,,22.54565217391304,35.3,,,,79.425,,,
FR,1994,,22.53478260869565,35.6,,,,81.026,,,
FR,1995,,22.56086956521739,35.9,,,,82.603,,,
FR,1996,,22.61521739130435,36.2,,,,83.469,,,
FR,1997,,22.667391304347827,36.5,,,,85.285,,,
FR,1998,1.78,22.70434782608696,36.8,78.1,,,87.914,,,
FR,1999,1.81,22.73695652173913,37.0,78.2,,,90.444,,,
FR,2000,1.89,22.77608695652174,37.3,78.5,,,93.554,,,
FR,2001,1.9,22.77608695652174,37.6,78.6,,,94.648,,,
FR,2002,1.88,22.769565217391307,37.9,78.7,,,94.976,,,
FR,2003,1.89,22.769565217391307,38.1,78.6,,,95.232,,20.1,
FR,2004,1.92,22.782608695652176,38.4,79.7,,,97.262,,21.7,
FR,2005,1.94,22.815217391304348,38.6,79.7,,,98.37,39.8,22.3,
FR,2006,2.0,22.815217391304348,38.9,80.3,,,100.354,39.4,23.5,
FR,2007,1.98,22.849999999999998,39.1,80.6,,,102.279,39.5,20.8,
FR,2008,2.01,22.945652173913043,39.3,80.7,,,102.114,39.5,20.2,
FR,2009,2.0,23.039130434782606,39.6,80.9,,,98.737,40.2,25.0,
FR,2010,2.03,23.13695652173913,39.8,81.1,,,100.234,41.0,24.7,
FR,2011,2.01,23.243478260869566,40.0,81.6,,,102.193,42.7,24.1,
FR,2012,2.01,23.4,40.3,81.4,,,101.9,45.8,25.8,
FR,2013,1.99,23.573913043478264,40.6,81.7,1.5,5.2,102.193,46.9,26.4,
FR,2014,2.0,23.77173913043478,40.7,81.7,0.5,4.4,102.686,48.2,25.7,96.2
FR,2015,1.96,23.963043478260868,41.0,81.4,-0.4,2.7,103.323,50.1,26.1,97.0
FR,2016,1.92,24.119565217391305,41.2,81.7,-0.3,2.6,103.822,51.2,26.0,98.1
FR,2017,1.89,26.767346938775507,41.4,81.8,0.8,3.2,105.561,52.6,23.5,98.8
FR,2018,1.87,26.922448979591838,41.6,81.9,1.7,3.9,106.811,53.6,22.0,98.5
FR,2019,1.86,27.35818181818182,41.8,82.0,0.6,2.7,108.555,54.5,20.7,98.2
FR,2020,1.82,27.474545454545453,41.9,81.5,2.8,3.8,100.0,55.2,21.5,114.9
FR,2021,1.83,27.510909090909088,42.0,81.6,4.2,5.3,106.505,55.9,18.9,112.8
FR,2022,1.78,27.536363636363635,42.1,81.6,4.3,5.0,108.884,56.9,17.3,111.4
FR,2023,1.66,27.683333333333334,42.3,82.2,2.8,3.4,110.22,58.4,17.2,109.5
FR,2024,1.61,27.636363636363637,42.6,82.4,2.8,3.1,111.515,60.3,18.8,112.6
FR,2025,,27.694545454545455,42.8,,,,112.051,61.7,19.8,115.6
GB,1960,,22.61777777777778,35.6,,,,,,,
GB,1961,,22.78666666666667,35.4,,,,,,,
GB,1962,,22.877777777777776,35.4,,,,,,,
GB,1963,,22.92666666666667,35.3,,,,,,,
GB,1964,,23.11111111111111,35.2,,,,,,,
GB,1965,,23.135555555555552,35.1,,,,,,,
GB,1966,,23.242222222222225,34.9,,,,,,,
GB,1967,,23.295555555555556,34.8,,,,,,,
GB,1968,,23.346666666666664,34.6,,,,,,,
GB,1969,,23.42888888888889,34.4,,,,,,,
GB,1970,,23.531111111111112,34.3,,,,,,,
GB,1971,,23.606666666666666,34.1,,,,,,,
GB,1972,,23.782608695652176,34.0,,,,,,,
GB,1973,2.04,23.845652173913045,33.9,,,,,,,
GB,1974,1.92,23.88695652173913,33.9,,,,,,,
GB,1975,1.81,23.906521739130437,33.8,,,,,,,
GB,1976,1.74,23.87391304347826,33.8,,,,,,,
GB,1977,1.69,23.804347826086957,33.9,,,,,,,
GB,1978,1.75,23.702173913043477,34.0,,,,,,,
GB,1979,1.86,23.593478260869563,34.1,,,,,,,
GB,1980,1.9,23.519565217391307,34.2,,,,,,,
GB,1981,1.82,23.47826086956522,34.4,,,,,,,
GB,1982,1.78,23.38695652173913,34.7,,,,,,,
GB,1983,1.77,23.25,35.0,,,,,,,
GB,1984,1.77,23.084782608695654,35.2,,,,,,,
GB,1985,1.79,22.958695652173912,35.3,,,,,,,
GB,1986,1.78,22.88913043478261,35.4,,,,,,,
GB,1987,1.81,22.813043478260873,35.5,,,,,,,
GB,1988,1.82,22.76086956521739,35.6,,,,,,,
GB,1989,1.79,22.721739130434784,35.7,,,,,,,
GB,1990,1.83,22.686956521739127,35.8,,,,,,,
GB,1991,1.82,22.665217391304346,35.8,,,,,,,
GB,1992,1.79,22.652173913043477,35.9,,,,,,,
GB,1993,1.76,22.645652173913046,36.0,75.7,,,,,,
GB,1994,1.74,22.652173913043477,36.2,76.3,,,,,,
GB,1995,1.71,22.660869565217393,36.4,76.2,,,,,,
GB,1996,1.73,22.676086956521736,36.6,76.4,,,,,,
GB,1997,1.72,22.69782608695652,36.8,76.7,,,,,,
GB,1998,1.71,22.730434782608693,37.0,76.8,,,,,,
GB,1999,1.68,22.73478260869565,37.2,76.9,,,,,,
GB,2000,1.64,22.68913043478261,37.5,77.4,,,,,,
GB,2001,1.63,22.62608695652174,37.7,77.7,,,,,,
GB,2002,1.63,22.589130434782607,38.0,77.7,,,,,,
GB,2003,1.7,22.558695652173913,38.2,77.8,,,,,,
GB,2004,1.75,22.543478260869566,38.5,78.4,,,,,,
GB,2005,1.76,22.51304347826087,38.6,78.6,,,,,,
GB,2006,1.82,22.463043478260868,38.8,78.9,,,,,,
GB,2007,1.86,22.460869565217394,38.9,79.1,,,,,,
GB,2008,1.91,22.502173913043475,39.1,79.2,,,,,,
GB,2009,1.89,22.565217391304348,39.2,79.8,,,,,,
GB,2010,1.92,22.61521739130435,39.4,80.0,,,,,,
GB,2011,1.91,22.656521739130437,39.5,80.4,,,,,,
GB,2012,1.92,22.730434782608693,39.7,80.3,,,,,,
GB,2013,1.83,22.845652173913045,39.8,80.4,3.8,7.0,,,,
GB,2014,1.81,22.934782608695652,39.9,80.7,4.6,7.8,,,,
GB,2015,1.8,23.01304347826087,40.0,80.3,5.4,8.1,,,,
GB,2016,1.79,23.065217391304348,40.0,80.6,4.4,7.1,,,,
GB,2017,1.74,25.493877551020407,40.0,80.6,4.2,6.5,,,,
GB,2018,1.68,25.571428571428573,40.1,80.6,3.9,5.6,,,,
GB,2019,,25.651020408163266,40.2,,4.0,5.7,,,,
GB,2020,,,,,,,,,,
GB,2021,,,,,,,,,,
GB,2022,,,,,,,,,,
GB,2023,,,,,,,,,,
GB,2024,,,,,,,,,,
GB,2025,,,,,,,,,,
HR,1960,,,,,,,,,,
HR,1961,,,,,,,,,,
HR,1962,,,,,,,,,,
HR,1963,,,,,,,,,,
HR,1964,,,,,,,,,,
HR,1965,,,,,,,,,,
HR,1966,,,,,,,,,,
HR,1967,,,,,,,,,,
HR,1968,,,,,,,,,,
HR,1969,,,,,,,,,,
HR,1970,,,,,,,,,,
HR,1971,,,,,,,,,,
HR,1972,,,,,,,,,,
HR,1973,,,,,,,,,,
HR,1974,,,,,,,,,,
HR,1975,,,,,,,,,,
HR,1976,,,,,,,,,,
HR,1977,,,,,,,,,,
HR,1978,,,,,,,,,,
HR,1979,,,,,,,,,,
HR,1980,,,,,,,,,,
HR,1981,,106.6,,,,,,,,
HR,1982,,106.6,,,,,,,,
HR,1983,,106.6,,,,,,,,
HR,1984,,106.6,,,,,,,,
HR,1985,,106.6,,,,,,,,
HR,1986,,106.5,,,,,,,,
HR,1987,,106.5,,,,,,,,
HR,1988,,106.4,,,,,,,,
HR,1989,,106.4,,,,,,,,
HR,1990,,106.4,,,,,,,,
HR,1991,,106.3,,,,,,,,
HR,1992,,107.4,,,,,,,,
HR,1993,,108.1,,,,,,,,
HR,1994,,108.1,,,,,,,,
HR,1995,,108.1,,,,,53.845,,,
HR,1996,,108.1,,,,,57.923,,,
HR,1997,,108.1,,,,,61.796,,,
HR,1998,,108.1,,,,,63.227,,,
HR,1999,,108.1,,,,,62.961,,,
HR,2000,,107.9,,,,,65.458,,,
HR,2001,1.46,22.491304347826084,39.8,74.1,,,70.129,,,
HR,2002,1.42,22.51521739130435,40.1,74.2,,,74.113,,,
HR,2003,1.41,22.55,40.4,74.0,,,78.238,,,
HR,2004,1.43,22.51521739130435,40.6,74.9,,,81.449,,,
HR,2005,1.5,22.46521739130435,40.8,74.7,,,84.907,,,
HR,2006,1.47,22.417391304347827,41.0,75.3,,,89.183,,,
HR,2007,1.48,22.402173913043477,41.3,75.2,,,93.692,,,
HR,2008,1.55,22.419565217391302,41.5,75.3,,,95.582,,,
HR,2009,1.58,22.426086956521736,41.7,75.7,,,89.165,39.3,24.8,
HR,2010,1.55,22.44782608695652,41.9,76.1,,,88.178,38.7,33.0,
HR,2011,1.48,22.460869565217394,42.1,76.5,,,88.356,38.2,36.1,
HR,2012,1.51,22.493478260869566,42.2,76.6,,,86.877,37.5,42.5,
HR,2013,1.47,22.589130434782607,42.4,77.1,-4.7,-7.1,87.365,37.8,50.5,
HR,2014,1.47,25.287272727272725,42.8,77.2,-6.1,-8.7,87.587,36.4,45.7,83.2
HR,2015,1.42,25.44909090909091,43.1,76.7,-8.0,-12.0,90.589,39.0,42.3,82.8
HR,2016,1.44,25.59090909090909,43.4,77.4,-9.3,-12.8,94.904,37.8,30.9,79.3
HR,2017,1.46,25.763636363636362,43.9,77.1,-11.7,-15.9,99.475,39.8,27.4,76.2
HR,2018,1.53,25.987272727272728,44.3,77.3,-7.5,-11.4,103.724,42.2,23.5,72.8
HR,2019,1.54,26.187272727272727,44.7,77.6,-4.9,-8.9,108.001,43.5,16.7,70.9
HR,2020,1.56,26.363636363636363,45.0,76.9,-4.9,-10.3,100.0,45.4,20.6,86.5
HR,2021,1.63,26.55090909090909,45.3,75.9,-1.2,-7.9,113.632,49.1,21.5,78.2
HR,2022,1.53,26.705454545454543,45.4,77.0,3.0,-3.0,122.511,51.3,17.7,68.5
HR,2023,1.47,26.78181818181818,45.4,77.8,7.8,2.9,127.032,51.6,18.9,60.9
HR,2024,1.46,26.805454545454545,45.4,78.2,8.1,3.2,131.496,53.9,16.8,57.4
HR,2025,,26.794545454545457,45.5,,,,135.507,54.9,18.3,56.3
HU,1960,2.02,22.406521739130437,32.0,70.4,,,,,,
HU,1961,1.94,22.426086956521736,32.2,71.2,,,,,,
HU,1962,1.79,22.471739130434784,32.5,70.2,,,,,,
HU,1963,1.82,22.441304347826087,32.8,71.1,,,,,,
HU,1964,1.82,22.441304347826087,33.1,71.4,,,,,,
HU,1965,1.82,22.39782608695652,33.3,71.0,,,,,,
HU,1966,1.89,22.404347826086955,33.6,71.8,,,,,,
HU,1967,2.01,22.432608695652174,33.8,71.3,,,,,,
HU,1968,2.06,22.419565217391302,33.9,70.9,,,,,,
HU,1969,2.04,22.38695652173913,34.0,71.0,,,,,,
HU,1970,1.98,22.36521739130435,34.1,70.8,,,,,,
HU,1971,1.93,22.286956521739132,34.1,70.6,,,,,,
HU,1972,1.93,22.232608695652175,34.2,71.2,,,,,,
HU,1973,1.93,22.23913043478261,34.2,71.1,,,,,,
HU,1974,2.27,22.193478260869565,34.3,71.0,,,,,,
HU,1975,2.35,22.17608695652174,34.2,70.8,,,,,,
HU,1976,2.23,22.143478260869564,34.2,70.7,,,,,,
HU,1977,2.15,22.1,34.1,70.8,,,,,,
HU,1978,2.06,22.130434782608695,34.1,70.1,,,,,,
HU,1979,2.01,22.13695652173913,34.2,70.3,,,,,,
HU,1980,1.91,22.37826086956522,34.3,69.7,,,,,,
HU,1981,1.88,22.400000000000002,34.3,69.7,,,,,,
HU,1982,1.8,22.391304347826086,34.3,69.8,,,,,,
HU,1983,1.75,22.36521739130435,34.5,69.3,,,,,,
HU,1984,1.75,22.32608695652174,34.7,69.5,,,,,,
HU,1985,1.85,22.356521739130436,34.9,69.5,,,,,,
HU,1986,1.84,22.452173913043477,35.2,69.6,,,,,,
HU,1987,1.82,22.517391304347825,35.4,70.0,,,,,,
HU,1988,1.81,22.541304347826088,35.6,70.3,,,,,,
HU,1989,1.82,22.547826086956523,35.8,69.6,,,,,,
HU,1990,1.87,22.64782608695652,36.1,69.4,,,,,,
HU,1991,1.87,22.632608695652173,36.5,69.5,,,,,,
HU,1992,1.77,22.62391304347826,36.8,69.1,,,,,,
HU,1993,1.68,22.571739130434782,37.1,69.1,,,,,,
HU,1994,1.64,22.541304347826088,37.4,69.4,,,,,,
HU,1995,1.57,22.410869565217393,37.6,69.8,,,52.54,,,
HU,1996,1.46,22.286956521739132,37.8,70.4,,,52.684,,,
HU,1997,1.37,22.147826086956524,38.0,70.7,,,54.362,,,
HU,1998,1.32,22.054347826086957,38.2,70.7,,,56.585,,,
HU,1999,1.28,21.958695652173912,38.3,70.7,,,58.497,,,
HU,2000,1.32,21.87608695652174,38.5,71.5,,,61.235,,,
HU,2001,1.31,21.830434782608698,38.6,72.1,,,63.869,,,
HU,2002,1.3,21.77173913043478,38.7,72.1,,,67.081,,,
HU,2003,1.27,21.758695652173913,38.8,72.1,,,69.923,,,
HU,2004,1.28,21.73913043478261,38.8,72.5,,,73.556,,,
HU,2005,1.31,21.732608695652175,38.9,72.4,,,76.872,,,
HU,2006,1.34,21.69782608695652,39.0,72.9,,,80.021,,,
HU,2007,1.32,21.68695652173913,39.2,73.0,,,80.411,,,
HU,2008,1.35,21.717391304347824,39.4,73.6,,,81.352,,,
HU,2009,1.32,21.758695652173913,39.6,73.8,,,75.986,31.9,25.8,
HU,2010,1.25,21.797826086956523,39.8,74.1,,,76.972,33.6,25.9,
HU,2011,1.23,21.82608695652174,40.1,74.5,,,78.67,35.3,25.4,
HU,2012,1.34,21.967391304347824,40.8,74.6,,,78.071,36.1,27.8,
HU,2013,1.36,24.596363636363634,41.1,75.2,-0.8,-4.6,79.987,37.9,26.1,
HU,2014,1.45,24.685454545454547,41.4,75.2,-0.1,-3.5,83.791,41.8,20.1,76.5
HU,2015,1.46,24.819999999999997,41.6,74.9,0.3,-3.7,87.171,45.3,17.1,75.7
HU,2016,1.55,24.94181818181818,41.9,75.4,-0.8,-4.1,89.644,49.8,12.7,74.6
HU,2017,1.56,25.08909090909091,42.3,75.1,1.1,-2.7,93.658,51.7,10.5,72.0
HU,2018,1.57,25.174545454545452,42.6,75.3,2.5,-1.4,99.11,54.6,9.9,68.8
HU,2019,1.58,25.272727272727273,43.0,75.6,2.7,-1.1,104.272,56.9,11.4,65.0
HU,2020,1.61,25.419999999999998,43.3,74.8,1.0,-3.9,100.0,59.7,12.7,78.7
HU,2021,1.63,25.567272727272726,43.7,73.4,2.2,-4.3,107.663,63.0,13.6,76.2
HU,2022,1.57,25.64181818181818,43.9,75.2,11.9,7.1,112.435,65.6,10.6,74.1
HU,2023,1.55,25.703636363636363,44.2,75.9,2.7,-1.6,111.666,69.3,12.8,73.3
HU,2024,1.41,25.752727272727274,44.5,76.1,0.4,-4.7,112.812,70.4,15.2,73.5
HU,2025,,25.79818181818182,44.8,,,,113.958,72.1,13.9,74.6
IE,1960,3.78,25.43777777777778,29.8,,,,,,,
IE,1961,3.78,25.62666666666667,29.8,,,,,,,
IE,1962,3.92,25.7,29.6,,,,,,,
IE,1963,4.01,25.720000000000002,29.3,,,,,,,
IE,1964,4.07,25.76,29.0,,,,,,,
IE,1965,4.04,25.77777777777778,28.7,,,,,,,
IE,1966,3.94,25.797777777777778,28.3,,,,,,,
IE,1967,3.84,25.793333333333333,28.1,,,,,,,
IE,1968,3.77,25.77111111111111,27.9,,,,,,,
IE,1969,3.83,25.757777777777775,27.6,,,,,,,
IE,1970,3.85,25.73777777777778,27.4,,,,,,,
IE,1971,3.93,25.73111111111111,27.2,,,,,,,
IE,1972,3.84,25.673333333333332,27.1,,,,,,,
IE,1973,3.71,25.606666666666666,27.0,,,,,,,
IE,1974,3.59,25.531111111111112,26.9,,,,,,,
IE,1975,3.37,25.453333333333337,26.8,,,,,,,
IE,1976,3.29,25.38888888888889,26.7,,,,,,,
IE,1977,3.24,25.313333333333333,26.6,,,,,,,
IE,1978,3.21,25.257777777777775,26.6,,,,,,,
IE,1979,3.21,25.184444444444445,26.5,,,,,,,
IE,1980,3.21,25.12,26.5,,,,,,,
IE,1981,3.05,25.064444444444447,26.5,,,,,,,
IE,1982,2.94,24.964444444444446,26.6,,,,,,,
IE,1983,2.74,24.846666666666664,26.7,,,,,,,
IE,1984,2.58,24.673333333333332,26.9,,,,,,,
IE,1985,2.48,24.593333333333334,27.2,,,,,,,
IE,1986,2.44,24.569565217391304,27.7,73.2,,,,,,
IE,1987,2.32,24.597826086956523,27.7,73.9,,,,,,
IE,1988,2.17,24.51304347826087,28.1,74.0,,,,,,
IE,1989,2.08,24.452173913043477,28.6,74.0,,,,,,
IE,1990,2.11,24.315217391304348,29.1,74.4,,,,,,
IE,1991,2.08,24.12391304347826,29.4,74.6,,,,,,
IE,1992,1.99,23.882608695652173,29.7,74.9,,,,,,
IE,1993,1.9,23.63695652173913,30.1,74.7,,,,,,
IE,1994,1.85,23.382608695652173,30.4,75.2,,,,,,
IE,1995,1.84,23.154347826086955,30.8,74.9,,,35.435,,,
IE,1996,1.88,22.902173913043477,31.1,75.3,,,37.789,,,
IE,1997,1.93,22.671739130434784,31.5,75.5,,,41.517,,,
IE,1998,1.94,22.45434782608696,31.8,75.7,,,44.55,,,
IE,1999,1.9,22.247826086956522,32.2,75.5,,,48.709,,,
IE,2000,1.89,22.006521739130434,32.4,76.1,,,52.596,,,
IE,2001,1.94,21.778260869565216,32.6,76.6,,,54.533,,,
IE,2002,1.97,21.556521739130435,32.8,77.1,,,56.751,,,
IE,2003,1.96,21.406521739130433,33.0,77.6,,,57.508,,,
IE,2004,1.93,21.32391304347826,33.3,78.0,,,60.35,,,
IE,2005,1.86,21.193478260869565,33.5,78.3,,,62.392,,,
IE,2006,1.91,21.030434782608694,33.5,78.6,,,63.82,,,
IE,2007,2.01,20.82608695652174,33.3,79.0,,,65.217,,,
IE,2008,2.06,20.854347826086954,33.4,79.5,,,60.965,,,
IE,2009,2.06,21.034782608695654,33.6,79.5,,,57.309,51.2,24.5,
IE,2010,2.05,21.284782608695654,34.0,80.1,,,58.01,50.2,28.1,
IE,2011,2.03,21.51521739130435,34.5,80.1,,,58.701,50.1,29.6,
IE,2012,1.98,21.782608695652176,35.0,80.2,,,58.223,49.2,30.8,
IE,2013,1.93,22.043478260869566,35.4,80.3,-2.5,6.1,59.209,51.2,26.7,
IE,2014,1.89,22.152173913043477,35.8,80.5,0.4,8.5,64.315,52.6,23.4,101.4
IE,2015,1.85,22.308695652173913,36.2,80.7,2.8,10.3,79.412,55.4,20.2,74.0
IE,2016,1.81,22.395652173913046,36.5,80.8,8.3,15.3,79.425,56.7,16.8,72.7
IE,2017,1.76,25.8,36.9,81.2,5.2,11.7,86.209,58.3,14.4,65.2
IE,2018,1.74,25.91111111111111,37.3,81.3,11.2,17.3,91.521,60.2,13.8,61.3
IE,2019,1.69,25.961111111111112,37.7,81.7,8.8,14.5,94.582,61.7,12.5,55.8
IE,2020,1.6,26.02037037037037,38.0,81.6,6.1,10.8,100.0,60.7,15.8,56.9
IE,2021,1.72,26.02037037037037,38.4,81.4,12.0,17.1,114.947,62.9,14.6,52.4
IE,2022,1.51,26.06111111111111,38.8,81.6,18.7,22.5,121.017,66.9,10.1,43.0
IE,2023,1.5,26.048148148148147,39.1,82.0,11.4,15.1,115.806,67.7,10.7,41.8
IE,2024,1.47,25.59272727272727,39.4,82.3,13.1,16.4,116.85,68.1,10.6,38.3
IE,2025,,25.54909090909091,39.6,,,,129.24,69.4,11.8,32.9
IT,1960,2.4,23.018181818181816,31.2,,,,,,,
IT,1961,2.44,23.036363636363635,31.4,,,,,,,
IT,1962,2.46,23.077272727272728,31.6,,,,,,,
IT,1963,2.51,23.13181818181818,31.8,,,,,,,
IT,1964,2.66,23.202272727272728,32.0,,,,,,,
IT,1965,2.6,23.327272727272728,32.1,,,,,,,
IT,1966,2.58,23.479545454545452,32.2,,,,,,,
IT,1967,2.5,23.552272727272726,32.3,,,,,,,
IT,1968,2.46,23.60909090909091,32.4,,,,,,,
IT,1969,2.47,23.663636363636364,32.6,,,,,,,
IT,1970,2.38,23.752272727272725,32.7,,,,,,,
IT,1971,2.4,23.83181818181818,32.8,,,,,,,
IT,1972,2.35,22.95,33.1,,,,,,,
IT,1973,2.3,23.069565217391304,33.2,,,,,,,
IT,1974,2.28,23.184782608695652,33.4,,,,,,,
IT,1975,2.17,23.258695652173916,33.4,,,,,,,
IT,1976,2.04,23.30652173913043,33.5,,,,,,,
IT,1977,1.93,23.27608695652174,33.5,,,,,,,
IT,1978,1.84,23.208695652173912,33.6,,,,,,,
IT,1979,1.73,23.10217391304348,33.7,,,,,,,
IT,1980,1.64,22.993478260869566,33.8,,,,,,,
IT,1981,1.58,22.921739130434784,34.1,,,,,,,
IT,1982,1.56,22.77173913043478,34.4,,,,,,,
IT,1983,1.51,22.61304347826087,34.8,,,,,,,
IT,1984,1.46,22.426086956521736,35.1,,,,,,,
IT,1985,1.42,22.254347826086956,35.4,75.3,,,,,,
IT,1986,1.35,22.17391304347826,35.7,75.6,,,,,,
IT,1987,1.33,22.08478260869565,36.0,76.1,,,,,,
IT,1988,1.36,22.017391304347825,36.3,76.2,,,,,,
IT,1989,1.33,21.956521739130434,36.6,76.6,,,,,,
IT,1990,1.33,21.891304347826086,36.9,76.7,,,,,,
IT,1991,1.3,21.847826086956523,37.2,76.8,,,,,,
IT,1992,1.3,21.67608695652174,37.6,77.2,,,,,,
IT,1993,1.25,21.66086956521739,37.9,77.4,,,,,,
IT,1994,1.21,21.645652173913046,38.2,77.5,,,,,,
IT,1995,1.19,21.652173913043477,38.5,77.8,,,99.791,,,
IT,1996,1.2,21.682608695652174,38.9,78.1,,,101.106,,,
IT,1997,1.22,21.726086956521737,39.2,78.4,,,102.998,,,
IT,1998,1.22,21.795652173913044,39.4,78.5,,,104.827,,,
IT,1999,1.23,21.878260869565217,39.7,79.0,,,106.568,,,
IT,2000,1.26,21.982608695652175,40.1,79.3,,,110.655,,,
IT,2001,1.25,22.104347826086954,40.4,79.6,,,112.8,,,
IT,2002,1.27,22.18695652173913,40.7,79.7,,,112.887,,,
IT,2003,1.29,24.823636363636364,41.1,79.5,,,112.353,,,
IT,2004,1.34,24.827272727272728,41.3,80.2,,,113.163,,,
IT,2005,1.33,24.894545454545455,41.6,80.2,,,113.362,,,
IT,2006,1.37,24.98363636363636,41.9,80.7,,,114.942,,,
IT,2007,1.39,25.10909090909091,42.3,80.8,,,115.915,,,
IT,2008,1.44,25.185454545454547,42.6,80.9,,,113.848,,,
IT,2009,1.44,25.25090909090909,42.9,81.1,,,107.185,35.3,25.4,
IT,2010,1.44,25.327272727272728,43.3,81.5,,,108.343,36.2,28.0,
IT,2011,1.42,25.37818181818182,43.7,81.6,,,108.72,37.5,29.2,
IT,2012,1.42,25.510909090909088,44.0,81.6,,,105.035,39.9,35.3,
IT,2013,1.39,25.61090909090909,44.4,82.1,2.6,1.1,102.919,42.2,40.0,
IT,2014,1.38,25.70727272727273,44.7,82.1,0.8,-0.8,102.902,45.9,42.7,134.8
IT,2015,1.36,25.838181818181816,45.2,81.7,0.5,-2.2,103.971,47.8,40.3,134.8
IT,2016,1.36,25.925454545454546,45.6,82.2,0.7,-1.6,105.456,49.9,37.7,134.2
IT,2017,1.34,26.005454545454544,46.0,82.1,1.0,-2.1,107.349,51.9,34.6,133.7
IT,2018,1.31,26.081818181818182,46.4,82.4,1.2,-2.0,108.462,53.6,32.2,134.2
IT,2019,1.27,25.714285714285715,46.8,82.6,0.7,-2.9,109.198,54.2,29.2,133.9
IT,2020,1.24,26.052083333333332,47.2,81.4,-1.2,-6.8,100.0,53.4,29.8,154.4
IT,2021,1.25,26.014285714285716,47.6,81.8,1.6,-3.5,109.494,53.4,29.7,145.8
IT,2022,1.24,26.116326530612245,48.0,81.9,4.9,-0.6,115.006,55.0,23.7,138.4
IT,2023,1.21,26.55818181818182,48.4,82.5,4.5,-0.4,116.125,57.3,22.7,133.9
IT,2024,1.18,26.65090909090909,48.7,82.9,4.3,-0.5,117.088,59.0,20.3,134.7
IT,2025,,26.78181818181818,49.1,,,,117.739,61.2,20.6,137.1
LT,1960,,,,,,,,,,
LT,1961,,,,,,,,,,
LT,1962,,,,,,,,,,
LT,1963,,,,,,,,,,
LT,1964,,,,,,,,,,
LT,1965,,,,,,,,,,
LT,1966,,,,,,,,,,
LT,1967,,,,,,,,,,
LT,1968,,,,,,,,,,
LT,1969,,,,,,,,,,
LT,1970,2.4,23.630434782608695,30.7,71.5,,,,,,
LT,1971,2.41,23.504347826086956,30.9,72.1,,,,,,
LT,1972,2.34,23.571739130434782,31.0,71.5,,,,,,
LT,1973,2.22,23.606521739130436,31.1,71.8,,,,,,
LT,1974,2.21,23.597826086956523,31.3,71.9,,,,,,
LT,1975,2.18,23.508695652173916,31.5,71.5,,,,,,
LT,1976,2.18,23.36086956521739,31.5,71.4,,,,,,
LT,1977,2.14,23.210869565217394,31.6,71.2,,,,,,
LT,1978,2.08,23.030434782608697,31.7,71.1,,,,,,
LT,1979,2.05,22.808695652173913,31.7,70.8,,,,,,
LT,1980,1.99,22.671739130434784,31.7,70.6,,,,,,
LT,1981,1.98,22.52173913043478,31.7,70.6,,,,,,
LT,1982,1.97,22.37608695652174,31.7,70.9,,,,,,
LT,1983,2.1,22.213043478260868,31.8,70.8,,,,,,
LT,1984,2.07,22.16521739130435,31.8,70.3,,,,,,
LT,1985,2.08,22.10217391304348,31.9,70.6,,,,,,
LT,1986,2.12,22.078260869565216,31.9,72.1,,,,,,
LT,1987,2.11,22.080434782608698,32.0,72.0,,,,,,
LT,1988,2.02,22.110869565217392,32.1,71.9,,,,,,
LT,1989,1.98,22.16086956521739,32.2,71.5,,,,,,
LT,1990,2.03,22.2,32.4,71.2,,,,,,
LT,1991,2.01,22.252173913043478,32.6,70.6,,,,,,
LT,1992,1.97,22.304347826086957,32.9,70.6,,,,,,
LT,1993,1.74,22.37391304347826,33.2,69.0,,,,,,
LT,1994,1.57,22.43913043478261,33.5,68.5,,,,,,
LT,1995,1.55,22.460869565217394,33.9,68.9,,,28.229,,,
LT,1996,1.49,22.539130434782606,34.3,70.0,,,29.874,,,
LT,1997,1.47,22.593478260869563,34.6,70.8,,,32.593,,,
LT,1998,1.46,22.667391304347827,35.0,71.0,,,35.28,,,
LT,1999,1.46,22.72826086956522,35.4,71.4,,,35.142,,,
LT,2000,1.39,22.752173913043475,35.8,71.7,,,36.6,,,
LT,2001,1.29,22.695652173913043,36.2,71.2,,,39.295,,,
LT,2002,1.23,22.752173913043475,36.7,71.3,,,42.274,,,
LT,2003,1.26,22.72826086956522,37.2,71.5,,,47.116,,,
LT,2004,1.27,22.69347826086957,37.7,71.5,,,50.746,,,
LT,2005,1.29,22.632608695652173,38.2,70.7,,,55.567,,,
LT,2006,1.33,22.61086956521739,38.8,70.5,,,60.636,,,
LT,2007,1.36,22.54565217391304,39.2,70.2,,,68.159,,,
LT,2008,1.45,22.482608695652175,39.6,71.1,,,70.653,,,
LT,2009,1.5,22.445652173913043,39.9,72.4,,,60.841,51.2,29.6,
LT,2010,1.5,22.480434782608693,40.3,72.6,,,62.396,48.3,35.7,
LT,2011,1.55,22.671739130434784,41.1,73.1,,,67.857,50.2,32.6,
LT,2012,1.6,22.706521739130434,41.7,73.4,,,71.755,51.7,26.7,
LT,2013,1.59,25.485454545454548,42.1,73.4,-4.8,-9.0,75.362,53.4,21.9,
LT,2014,1.57,25.425454545454546,42.5,73.8,-3.5,-7.2,78.844,56.2,19.3,40.7
LT,2015,1.63,25.430909090909093,42.8,73.8,-6.7,-10.7,81.805,60.4,16.3,42.4
LT,2016,1.63,25.474545454545453,43.2,74.1,-8.7,-12.7,84.977,64.6,14.5,39.8
LT,2017,1.57,25.54,43.6,74.9,-7.3,-11.6,89.981,66.1,13.3,39.1
LT,2018,1.53,25.62181818181818,44.0,75.1,-0.4,-5.0,95.192,68.5,11.1,33.3
LT,2019,1.43,25.643636363636364,44.2,75.6,3.9,-0.8,99.932,68.4,11.9,35.6
LT,2020,1.36,25.663636363636364,44.4,74.4,7.4,0.3,100.0,67.6,19.6,45.9
LT,2021,1.36,25.752727272727274,44.5,73.5,7.0,-1.7,106.47,68.0,14.3,43.3
LT,2022,1.27,26.763461538461538,44.5,75.1,25.5,18.1,108.199,69.8,11.9,38.3
LT,2023,1.18,26.305555555555557,44.2,76.6,15.7,10.0,107.483,69.1,13.8,37.1
LT,2024,1.11,25.752727272727274,44.2,76.7,8.0,1.7,110.1,69.1,16.2,38.0
LT,2025,,25.86,44.3,,,,113.295,69.9,14.1,39.5
LU,1960,2.29,22.404651162790696,35.2,,,,,,,
LU,1961,,21.51521739130435,35.1,,,,,,,
LU,1962,,102.7,,,,,,,,
LU,1963,,102.8,,,,,,,,
LU,1964,,102.9,,,,,,,,
LU,1965,,23.40232558139535,35.2,,,,,,,
LU,1966,,103.2,,,,,,,,
LU,1967,2.24,23.411627906976744,35.2,,,,,,,
LU,1968,2.12,70.44999999999999,,,,,,,,
LU,1969,2.02,70.45,,,,,,,,
LU,1970,1.97,23.73953488372093,35.3,,,,,,,
LU,1971,1.95,22.858695652173914,35.4,70.1,,,,,,
LU,1972,1.75,22.745652173913044,35.2,70.8,,,,,,
LU,1973,1.58,22.652173913043477,35.1,70.7,,,,,,
LU,1974,1.58,22.44782608695652,35.0,70.7,,,,,,
LU,1975,1.55,22.193478260869565,34.9,70.8,,,,,,
LU,1976,1.48,22.028260869565216,34.9,71.0,,,,,,
LU,1977,1.5,21.88695652173913,34.9,71.9,,,,,,
LU,1978,1.48,21.76739130434783,35.0,71.8,,,,,,
LU,1979,1.48,21.630434782608695,35.1,72.7,,,,,,
LU,1980,1.5,21.84565217391304,35.0,72.7,,,,,,
LU,1981,1.55,21.741304347826087,35.0,72.6,,,,,,
LU,1982,1.49,21.62608695652174,35.1,72.5,,,,,,
LU,1983,1.43,21.497826086956522,35.3,73.3,,,,,,
LU,1984,1.42,21.33478260869565,35.5,73.2,,,,,,
LU,1985,1.38,21.2,35.7,73.5,,,,,,
LU,1986,1.43,21.110869565217392,35.9,74.3,,,,,,
LU,1987,1.4,21.041304347826088,36.0,74.0,,,,,,
LU,1988,1.51,21.002173913043478,36.2,74.7,,,,,,
LU,1989,1.52,21.054347826086957,36.3,74.6,,,,,,
LU,1990,1.6,21.05217391304348,36.3,75.2,,,,,,
LU,1991,1.6,21.106521739130436,36.4,75.4,,,,,,
LU,1992,1.64,21.17391304347826,36.5,75.0,,,,,,
LU,1993,1.7,21.243478260869566,36.5,75.4,,,,,,
LU,1994,1.72,21.354347826086954,36.6,76.1,,,,,,
LU,1995,1.7,21.467391304347824,36.7,76.2,,,71.075,,,
LU,1996,1.77,21.556521739130435,36.7,76.2,,,71.208,,,
LU,1997,1.71,21.643478260869564,36.9,76.5,,,74.104,,,
LU,1998,1.68,21.715217391304346,37.1,76.7,,,78.056,,,
LU,1999,1.74,21.758695652173913,37.2,77.4,,,83.236,,,
LU,2000,1.76,21.804347826086957,37.3,77.4,,,87.863,,,
LU,2001,1.66,21.65,37.1,77.5,,,89.562,,,
LU,2002,1.63,21.667391304347827,37.4,77.5,,,91.46,,,
LU,2003,1.62,21.695652173913043,37.7,77.2,,,92.691,,,
LU,2004,1.66,21.66304347826087,37.9,78.6,,,95.295,,,
LU,2005,1.63,21.652173913043477,38.1,78.8,,,96.153,,,
LU,2006,1.65,21.62608695652174,38.3,78.6,,,100.381,,,
LU,2007,1.61,21.60217391304348,38.5,78.7,,,106.756,,,
LU,2008,1.61,21.567391304347826,38.6,79.8,,,104.578,,,
LU,2009,1.59,21.495652173913044,38.7,80.0,,,99.364,38.2,17.2,
LU,2010,1.63,21.452173913043477,38.9,80.1,,,101.208,39.6,14.2,
LU,2011,1.52,21.39782608695652,39.0,80.4,,,99.924,39.3,16.8,
LU,2012,1.57,21.273913043478263,39.1,80.7,,,99.265,41.0,18.8,
LU,2013,1.55,21.213043478260868,39.1,81.2,19.0,23.3,99.817,40.5,15.5,
LU,2014,1.5,21.182608695652174,39.2,81.1,19.9,23.9,100.05,42.5,22.6,21.9
LU,2015,1.47,21.143478260869564,39.3,81.2,19.6,23.3,100.33,38.4,17.3,21.1
LU,2016,1.41,21.093478260869563,39.3,81.6,16.2,19.8,102.669,39.6,18.9,19.6
LU,2017,1.39,22.726530612244897,39.4,81.1,15.8,19.0,101.782,39.8,15.4,21.8
LU,2018,1.38,22.681632653061225,39.4,81.4,16.3,19.6,101.413,40.5,14.2,20.9
LU,2019,1.34,22.653061224489797,39.5,81.8,16.6,19.7,102.068,43.1,17.0,22.3
LU,2020,1.36,22.724999999999998,39.5,81.4,10.7,13.7,100.0,44.0,23.2,24.5
LU,2021,1.38,22.663265306122447,39.6,81.8,13.2,16.7,105.263,46.6,16.9,24.2
LU,2022,1.31,22.7,39.7,82.1,20.5,23.6,101.862,46.6,17.6,24.9
LU,2023,1.25,23.65090909090909,39.7,82.5,14.0,16.9,100.058,46.3,18.8,24.7
LU,2024,1.25,23.678181818181816,39.7,82.7,11.7,14.7,98.834,49.4,21.6,26.3
LU,2025,,23.754545454545454,39.8,,,,98.221,49.5,,26.5
LV,1960,,,,,,,,,,
LV,1961,,,,,,,,,,
LV,1962,,,,,,,,,,
LV,1963,,,,,,,,,,
LV,1964,,,,,,,,,,
LV,1965,,,,,,,,,,
LV,1966,,,,,,,,,,
LV,1967,,,,,,,,,,
LV,1968,,,,,,,,,,
LV,1969,,,,,,,,,,
LV,1970,,22.539130434782606,34.0,,,,,,,
LV,1971,,22.530434782608697,34.2,,,,,,,
LV,1972,,22.61304347826087,34.4,,,,,,,
LV,1973,,22.678260869565218,34.5,,,,,,,
LV,1974,,22.676086956521743,34.7,,,,,,,
LV,1975,,22.691304347826087,34.8,,,,,,,
LV,1976,,22.63478260869565,34.9,,,,,,,
LV,1977,,22.554347826086957,35.1,,,,,,,
LV,1978,,22.45,35.2,,,,,,,
LV,1979,,22.354347826086954,35.2,,,,,,,
LV,1980,,22.27391304347826,35.0,,,,,,,
LV,1981,,22.16086956521739,34.8,,,,,,,
LV,1982,,22.078260869565216,34.7,,,,,,,
LV,1983,,22.02173913043478,34.6,,,,,,,
LV,1984,,22.02608695652174,34.7,,,,,,,
LV,1985,,22.02173913043478,34.7,,,,,,,
LV,1986,,22.05217391304348,34.7,,,,,,,
LV,1987,,22.11304347826087,34.7,,,,,,,
LV,1988,,22.193478260869565,34.6,,,,,,,
LV,1989,,22.286956521739132,34.5,,,,,,,
LV,1990,,22.319565217391304,34.6,,,,,,,
LV,1991,,22.330434782608698,34.6,,,,,,,
LV,1992,,22.497826086956525,35.0,,,,,,,
LV,1993,,22.660869565217393,35.4,,,,,,,
LV,1994,,22.747826086956525,35.8,,,,,,,
LV,1995,,22.77173913043478,36.0,,,,31.298,,,
LV,1996,,22.797826086956523,36.3,,,,32.378,,,
LV,1997,,22.80217391304348,36.7,,,,35.691,,,
LV,1998,,22.80652173913043,37.1,,,,38.398,,,
LV,1999,,22.767391304347825,37.5,,,,39.807,,,
LV,2000,1.25,22.717391304347824,37.9,,,,42.532,,,
LV,2001,1.22,22.684782608695652,38.2,,,,45.859,,,
LV,2002,1.26,22.684782608695652,38.5,69.9,,,49.959,,,
LV,2003,1.32,22.645652173913046,38.8,70.3,,,54.697,,,
LV,2004,1.29,22.573913043478264,39.0,70.6,,,60.129,,,
LV,2005,1.39,22.48695652173913,39.3,70.2,,,67.84,,,
LV,2006,1.46,22.39782608695652,39.5,70.1,,,77.234,,,
LV,2007,1.54,22.32608695652174,39.8,70.4,,,85.961,,,
LV,2008,1.58,22.23695652173913,39.9,71.6,,,83.936,,,
LV,2009,1.46,22.280434782608697,40.2,72.3,,,71.649,52.2,33.4,
LV,2010,1.36,22.380434782608695,40.8,72.5,,,70.496,47.5,36.2,
LV,2011,1.33,22.44782608695652,41.4,73.4,,,73.994,50.4,31.0,
LV,2012,1.44,22.497826086956525,41.8,73.6,,,80.382,52.6,28.5,
LV,2013,1.52,22.53478260869565,42.1,73.7,-7.1,-11.1,82.917,54.6,23.2,
LV,2014,1.65,22.69347826086957,42.4,73.6,-4.3,-7.7,85.442,56.3,19.6,43.1
LV,2015,1.7,22.891304347826086,42.7,74.0,-5.4,-8.7,89.434,59.4,16.3,38.3
LV,2016,1.74,23.108695652173914,42.9,74.0,-6.2,-9.6,92.557,61.2,17.5,41.7
LV,2017,1.69,25.29387755102041,43.1,74.1,-4.0,-8.1,96.6,62.2,17.0,40.3
LV,2018,1.6,25.528571428571432,43.3,74.2,-2.5,-7.5,101.543,65.3,12.2,38.3
LV,2019,1.61,25.718367346938777,43.5,74.9,-1.8,-6.4,102.926,67.3,12.7,37.9
LV,2020,1.55,26.09166666666667,43.7,74.7,-1.7,-7.6,100.0,68.4,14.9,44.0
LV,2021,1.57,26.16938775510204,43.9,72.4,-0.2,-9.3,107.857,67.8,14.8,45.9
LV,2022,1.47,26.283673469387757,44.0,73.7,16.5,8.7,109.829,69.5,15.3,44.4
LV,2023,1.34,26.64,43.8,74.8,-1.7,-8.8,109.066,70.9,12.3,44.4
LV,2024,1.24,26.78363636363636,44.0,75.5,-2.3,-9.6,109.998,71.9,13.6,46.2
LV,2025,,26.930909090909093,44.4,,,,113.989,73.6,14.8,46.9
MT,1960,,,,,,,,,,
MT,1961,,,,,,,,,,
MT,1962,,,,,,,,,,
MT,1963,,,,,,,,,,
MT,1964,,,,,,,,,,
MT,1965,,,,,,,,,,
MT,1966,,,,,,,,,,
MT,1967,,,,,,,,,,
MT,1968,,,,,,,,,,
MT,1969,,,,,,,,,,
MT,1970,,,,,,,,,,
MT,1971,,,,,,,,,,
MT,1972,,,,,,,,,,
MT,1973,,,,,,,,,,
MT,1974,,,,,,,,,,
MT,1975,,,,,,,,,,
MT,1976,,,,,,,,,,
MT,1977,2.14,22.36521739130435,27.8,71.5,,,,,,
MT,1978,2.05,22.09130434782609,28.1,70.2,,,,,,
MT,1979,2.1,21.88695652173913,28.5,71.6,,,,,,
MT,1980,1.99,21.68913043478261,28.8,70.5,,,,,,
MT,1981,1.87,21.52608695652174,29.1,71.2,,,,,,
MT,1982,,21.356521739130436,29.5,,,,,,,
MT,1983,,,,,,,,,,
MT,1984,1.95,21.51521739130435,30.8,,,,,,,
MT,1985,1.95,21.571739130434782,31.2,,,,,,,
MT,1986,1.93,21.878260869565217,31.6,,,,,,,
MT,1987,1.97,21.934782608695652,31.9,,,,,,,
MT,1988,2.06,21.969565217391306,32.2,,,,,,,
MT,1989,2.1,21.993478260869566,32.5,,,,,,,
MT,1990,2.02,22.056521739130435,32.8,,,,,,,
MT,1991,1.99,22.093478260869563,33.2,,,,,,,
MT,1992,2.07,22.07608695652174,33.5,,,,,,,
MT,1993,1.96,22.071739130434786,33.8,,,,,,,
MT,1994,1.84,22.01521739130435,34.1,,,,,,,
MT,1995,1.77,21.941304347826087,34.5,77.2,,,,,,
MT,1996,1.99,21.83478260869565,35.1,77.5,,,,,,
MT,1997,1.93,22.141304347826086,35.4,77.4,,,,,,
MT,1998,1.84,22.069565217391304,35.7,77.3,,,,,,
MT,1999,1.73,21.991304347826087,36.0,77.2,,,,,,
MT,2000,1.68,21.88478260869565,36.3,77.9,,,62.259,,,
MT,2001,1.48,21.726086956521737,36.7,78.2,,,60.694,,,
MT,2002,1.45,21.6,37.0,78.3,,,61.897,,,
MT,2003,1.48,21.454347826086956,37.4,78.1,,,63.763,,,
MT,2004,1.4,21.382608695652173,37.7,78.8,,,63.593,,,
MT,2005,1.38,21.371739130434783,38.0,78.9,,,65.013,,,
MT,2006,1.36,21.493478260869566,38.6,78.8,,,66.299,,,
MT,2007,1.35,21.465217391304346,39.0,79.5,,,69.386,,,
MT,2008,1.43,21.445652173913043,39.3,79.4,,,71.971,,,
MT,2009,1.42,21.45,39.5,79.8,,,70.434,29.1,14.5,
MT,2010,1.36,21.532608695652176,39.7,80.9,,,74.446,31.9,13.2,
MT,2011,1.45,21.717391304347824,40.1,80.4,,,74.857,33.2,13.3,
MT,2012,1.42,21.847826086956523,40.4,80.3,,,77.301,34.7,13.8,
MT,2013,1.36,24.703636363636363,40.5,81.4,13.9,15.8,81.106,37.1,12.7,
MT,2014,1.38,24.758181818181818,40.5,81.2,22.4,24.6,85.552,39.5,11.7,60.7
MT,2015,1.37,24.725454545454546,40.4,81.2,22.4,24.4,91.567,42.3,11.6,55.0
MT,2016,1.37,24.670909090909092,40.4,81.7,18.9,21.4,93.167,45.8,10.7,53.1
MT,2017,1.26,24.656363636363636,40.6,81.6,31.5,33.1,102.368,47.2,10.6,45.6
MT,2018,1.23,24.405454545454546,40.4,81.5,35.9,37.5,105.879,49.7,9.4,41.4
MT,2019,1.14,24.09272727272727,40.1,81.9,42.1,43.4,105.796,50.1,10.1,39.2
MT,2020,1.14,23.727272727272727,39.8,81.2,1.8,2.5,100.0,51.4,11.5,48.8
MT,2021,1.13,23.758181818181818,40.2,81.3,7.4,7.8,112.723,51.0,9.9,49.7
MT,2022,1.08,23.79090909090909,40.5,81.5,41.0,41.2,112.649,53.2,9.0,50.3
MT,2023,1.06,23.470909090909092,40.1,82.4,37.9,38.7,119.785,55.9,9.2,46.9
MT,2024,1.01,23.14,39.8,82.4,18.7,19.0,123.715,57.5,9.2,45.9
MT,2025,,23.034545454545455,40.0,,,,125.586,61.4,9.6,46.4
NL,1960,3.12,23.92391304347826,28.7,,,,,,,
NL,1961,3.22,24.006521739130434,28.8,,,,,,,
NL,1962,3.18,24.039130434782606,28.8,,,,,,,
NL,1963,3.19,24.054347826086957,28.7,,,,,,,
NL,1964,3.17,24.039130434782606,28.6,,,,,,,
NL,1965,3.04,24.006521739130434,28.5,,,,,,,
NL,1966,2.9,23.993478260869566,28.5,,,,,,,
NL,1967,2.81,23.77173913043478,28.5,,,,,,,
NL,1968,2.72,23.66304347826087,28.5,,,,,,,
NL,1969,2.75,23.55652173913043,28.5,,,,,,,
NL,1970,2.57,23.493478260869566,28.5,,,,,,,
NL,1971,2.36,23.419565217391302,28.5,,,,,,,
NL,1972,2.15,23.343478260869563,28.6,,,,,,,
NL,1973,1.9,23.27391304347826,28.8,,,,,,,
NL,1974,1.77,23.186956521739127,29.0,,,,,,,
NL,1975,1.66,23.073913043478264,29.2,,,,,,,
NL,1976,1.63,22.936956521739127,29.6,,,,,,,
NL,1977,1.58,22.786956521739132,30.0,,,,,,,
NL,1978,1.58,22.64782608695652,30.4,,,,,,,
NL,1979,1.56,22.5,30.8,,,,,,,
NL,1980,1.6,22.354347826086954,31.2,,,,,,,
NL,1981,1.56,22.219565217391306,31.5,,,,,,,
NL,1982,1.5,22.08478260869565,31.8,,,,,,,
NL,1983,1.47,21.92608695652174,32.2,,,,,,,
NL,1984,1.49,21.76521739130435,32.6,,,,,,,
NL,1985,1.51,21.59565217391304,32.9,76.1,,,,,,
NL,1986,1.55,21.48913043478261,33.2,76.0,,,,,,
NL,1987,1.56,21.395652173913046,33.5,76.5,,,,,,
NL,1988,1.55,21.30217391304348,33.8,76.6,,,,,,
NL,1989,1.55,21.252173913043478,34.1,76.4,,,,,,
NL,1990,1.62,21.171739130434784,34.4,76.6,,,,,,
NL,1991,1.61,21.11521739130435,34.6,76.7,,,,,,
NL,1992,1.59,21.07391304347826,34.9,76.9,,,,,,
NL,1993,1.57,21.071739130434782,35.2,76.6,,,,,,
NL,1994,1.57,21.09130434782609,35.4,77.0,,,,,,
NL,1995,1.53,21.132608695652173,35.8,77.0,,,72.032,,,
NL,1996,1.53,21.193478260869565,36.1,77.1,,,74.156,,,
NL,1997,1.56,21.258695652173913,36.4,77.4,,,76.905,,,
NL,1998,1.63,21.30217391304348,36.7,77.5,,,79.987,,,
NL,1999,1.65,21.367391304347827,37.0,77.4,,,83.463,,,
NL,2000,1.72,21.43695652173913,37.3,77.6,,,86.363,,,
NL,2001,1.71,21.480434782608697,37.6,77.8,,,87.709,,,
NL,2002,1.73,21.536956521739132,37.8,77.8,,,87.363,,,
NL,2003,1.75,21.59130434782609,38.2,78.1,,,87.039,,,
NL,2004,1.72,21.684782608695652,38.5,78.7,,,88.483,,,
NL,2005,1.71,21.780434782608694,38.9,79.0,,,90.073,,,
NL,2006,1.72,21.847826086956523,39.2,79.3,,,93.111,,,
NL,2007,1.72,21.97826086956522,39.6,79.7,,,96.516,,,
NL,2008,1.77,22.1,40.0,79.8,,,98.175,,,
NL,2009,1.79,22.19782608695652,40.3,80.2,,,94.096,51.6,11.6,
NL,2010,1.79,22.30217391304348,40.6,80.3,,,94.85,52.6,12.4,
NL,2011,1.76,22.38478260869565,41.0,80.6,,,96.081,55.0,11.4,
NL,2012,1.72,22.536956521739132,41.3,80.5,,,94.789,57.4,12.9,
NL,2013,1.68,22.708695652173912,41.6,80.7,1.2,3.0,94.484,59.0,14.2,
NL,2014,1.71,22.830434782608698,42.0,80.9,2.1,4.2,95.661,59.6,13.8,67.2
NL,2015,1.66,22.936956521739134,42.2,80.7,3.2,4.6,97.257,61.5,12.5,63.8
NL,2016,1.66,23.03478260869565,42.4,80.8,4.6,6.0,99.088,63.3,12.1,60.9
NL,2017,1.62,25.332653061224487,42.5,81.0,4.7,5.8,101.244,65.4,10.4,56.0
NL,2018,1.59,25.43877551020408,42.6,81.1,5.0,5.9,102.924,67.5,8.9,51.6
NL,2019,1.57,25.5,42.7,81.3,6.2,7.2,104.605,69.5,8.5,47.7
NL,2020,1.54,25.691666666666666,42.7,80.7,3.9,3.9,100.0,70.8,10.6,53.4
NL,2021,1.62,25.616326530612245,42.7,80.6,6.1,6.6,105.725,71.4,9.3,50.5
NL,2022,1.49,25.689795918367345,42.7,80.9,12.6,12.5,109.965,73.1,7.6,48.4
NL,2023,1.43,26.221818181818183,42.5,81.1,7.6,7.4,108.232,75.0,8.2,45.8
NL,2024,1.43,26.245454545454546,42.5,81.2,6.0,5.6,108.683,75.3,8.7,43.8
NL,2025,,26.319999999999997,42.6,,,,110.053,75.8,8.8,44.4
PL,1960,,23.406521739130437,26.4,,,,,,,
PL,1961,,,,,,,,,,
PL,1962,,,,,,,,,,
PL,1963,,,,,,,,,,
PL,1964,,,,,,,,,,
PL,1965,,23.84130434782609,27.5,,,,,,,
PL,1966,,,,,,,,,,
PL,1967,,,,,,,,,,
PL,1968,,,,,,,,,,
PL,1969,,,,,,,,,,
PL,1970,,23.267391304347825,28.3,,,,,,,
PL,1971,,,,,,,,,,
PL,1972,,,,,,,,,,
PL,1973,,,,,,,,,,
PL,1974,,,,,,,,,,
PL,1975,,22.445652173913043,28.2,,,,,,,
PL,1976,,,,,,,,,,
PL,1977,,,,,,,,,,
PL,1978,,,,,,,,,,
PL,1979,,,,,,,,,,
PL,1980,,21.945652173913043,29.4,,,,,,,
PL,1981,,,,,,,,,,
PL,1982,,,,,,,,,,
PL,1983,,,,,,,,,,
PL,1984,,,,,,,,,,
PL,1985,,22.141304347826086,30.7,,,,,,,
PL,1986,,,,,,,,,,
PL,1987,,,,,,,,,,
PL,1988,,,,,,,,,,
PL,1989,,,,,,,,,,
PL,1990,2.06,22.66304347826087,32.2,71.1,,,,,,
PL,1991,2.07,22.710869565217394,32.5,70.7,,,,,,
PL,1992,1.95,22.721739130434784,32.8,71.2,,,,,,
PL,1993,1.87,22.695652173913043,33.1,71.6,,,,,,
PL,1994,1.81,22.645652173913046,33.4,71.8,,,,,,
PL,1995,1.62,22.56086956521739,33.7,71.9,,,37.547,,,
PL,1996,1.59,22.45434782608696,34.0,72.2,,,39.821,,,
PL,1997,1.51,22.334782608695654,34.3,72.4,,,42.35,,,
PL,1998,1.44,22.182608695652174,34.6,72.8,,,44.316,,,
PL,1999,1.37,22.01304347826087,34.8,72.8,,,46.416,,,
PL,2000,1.37,21.967391304347824,35.1,73.4,,,48.595,,,
PL,2001,1.31,21.791304347826088,35.4,73.8,,,49.201,,,
PL,2002,1.25,21.621739130434783,35.7,74.1,,,50.161,,,
PL,2003,1.22,21.42608695652174,35.9,74.2,,,51.978,,,
PL,2004,1.23,21.215217391304346,36.2,74.4,,,54.646,,,
PL,2005,1.24,21.030434782608694,36.5,74.5,,,56.456,,,
PL,2006,1.27,20.858695652173914,36.7,74.8,,,60.003,,,
PL,2007,1.31,20.784782608695654,37.0,74.8,,,64.087,,,
PL,2008,1.39,20.73695652173913,37.3,75.1,,,66.896,,,
PL,2009,1.4,20.726086956521737,37.5,75.3,,,68.578,29.5,21.0,
PL,2010,1.41,20.789130434782606,37.9,75.8,,,70.958,31.5,24.0,
PL,2011,1.33,20.832608695652173,38.2,76.2,,,74.67,34.3,26.0,
PL,2012,1.33,20.92391304347826,38.5,76.2,,,75.783,36.1,26.8,
PL,2013,1.29,21.054347826086957,38.8,76.5,-0.7,-1.2,76.357,38.3,27.6,
PL,2014,1.32,21.202173913043477,39.2,76.9,-0.3,-0.3,79.403,40.5,24.1,51.1
PL,2015,1.32,21.382608695652173,39.6,76.7,-0.3,-1.0,82.976,42.5,21.0,51.1
PL,2016,1.39,21.59130434782609,39.9,77.1,0.3,0.2,85.547,44.5,17.8,54.1
PL,2017,1.48,23.51224489795918,40.3,77.0,0.1,0.1,89.942,46.9,14.9,50.4
PL,2018,1.46,23.797959183673466,40.6,76.9,0.6,-0.1,95.574,47.7,11.8,48.2
PL,2019,1.44,24.0734693877551,41.0,77.2,0.5,-0.4,99.974,48.2,9.7,45.2
PL,2020,1.39,24.477083333333336,41.3,75.7,-20.3,-23.6,100.0,50.5,10.8,56.6
PL,2021,1.33,25.29090909090909,41.9,74.7,0.1,-5.0,107.486,54.7,11.9,53.0
PL,2022,1.29,25.463636363636365,42.2,76.4,0.2,-3.7,110.719,56.5,10.8,48.8
PL,2023,1.2,25.645454545454545,42.6,77.5,0.1,-3.6,111.435,58.1,11.4,49.5
PL,2024,1.14,25.944444444444443,43.0,77.8,0.9,-3.4,115.376,59.0,10.8,54.8
PL,2025,,25.96909090909091,43.4,,,,120.005,60.1,12.2,59.7
PT,1960,3.16,23.213043478260868,27.8,68.7,,,,,,
PT,1961,3.21,23.304347826086957,27.9,68.1,,,,,,
PT,1962,3.23,23.36086956521739,28.0,68.8,,,,,,
PT,1963,3.12,23.417391304347827,28.1,68.9,,,,,,
PT,1964,3.21,23.428260869565218,28.3,69.0,,,,,,
PT,1965,3.15,23.47826086956522,28.5,69.4,,,,,,
PT,1966,3.16,23.617391304347827,28.7,68.9,,,,,,
PT,1967,3.16,23.72826086956522,28.9,69.4,,,,,,
PT,1968,3.12,23.86521739130435,29.0,69.8,,,,,,
PT,1969,3.12,23.932608695652174,29.1,69.1,,,,,,
PT,1970,3.01,24.05652173913043,29.4,70.2,,,,,,
PT,1971,3.0,24.169565217391302,29.7,69.4,,,,,,
PT,1972,2.86,24.323913043478264,28.9,70.4,,,,,,
PT,1973,2.77,24.28478260869565,28.4,69.8,,,,,,
PT,1974,2.7,24.241304347826084,27.9,69.9,,,,,,
PT,1975,2.75,24.032608695652176,28.6,70.2,,,,,,
PT,1976,2.82,24.02173913043478,30.0,70.4,,,,,,
PT,1977,2.69,24.006521739130434,29.9,71.3,,,,,,
PT,1978,2.45,23.967391304347824,29.9,71.6,,,,,,
PT,1979,2.31,23.854347826086954,30.1,72.2,,,,,,
PT,1980,2.25,23.76521739130435,30.4,72.3,,,,,,
PT,1981,2.13,23.678260869565218,30.8,72.4,,,,,,
PT,1982,2.07,23.573913043478264,30.8,73.0,,,,,,
PT,1983,1.95,23.45434782608696,31.0,72.8,,,,,,
PT,1984,1.9,23.308695652173913,31.2,72.9,,,,,,
PT,1985,1.72,23.165217391304346,31.4,73.2,,,,,,
PT,1986,1.66,23.065217391304348,31.7,73.6,,,,,,
PT,1987,1.62,22.97391304347826,32.2,73.9,,,,,,
PT,1988,1.61,22.900000000000002,32.7,73.8,,,,,,
PT,1989,1.57,22.834782608695654,33.3,74.3,,,,,,
PT,1990,1.56,22.78478260869565,33.9,73.9,,,,,,
PT,1991,1.56,22.708695652173912,34.5,73.9,,,,,,
PT,1992,1.54,22.62608695652174,34.8,74.4,,,,,,
PT,1993,1.52,22.532608695652176,35.2,74.2,,,,,,
PT,1994,1.45,22.445652173913043,35.5,75.1,,,,,,
PT,1995,1.41,22.347826086956523,35.9,74.9,,,80.624,,,
PT,1996,1.44,22.26521739130435,36.2,74.8,,,83.137,,,
PT,1997,1.47,22.182608695652174,36.5,75.3,,,86.409,,,
PT,1998,1.47,22.143478260869564,36.9,75.5,,,90.107,,,
PT,1999,1.5,22.11304347826087,37.2,75.7,,,93.099,,,
PT,2000,1.55,22.097826086956523,37.5,76.3,,,95.974,,,
PT,2001,1.45,22.07608695652174,37.9,76.6,,,97.152,,,
PT,2002,1.46,22.056521739130435,38.2,76.8,,,97.367,,,
PT,2003,1.44,22.05,38.5,76.8,,,96.099,,,
PT,2004,1.4,22.065217391304348,38.8,77.7,,,97.584,,,
PT,2005,1.41,22.117391304347827,39.2,77.5,,,98.165,,,
PT,2006,1.37,22.182608695652174,39.6,78.3,,,99.581,,,
PT,2007,1.35,22.23913043478261,40.0,78.5,,,101.877,,,
PT,2008,1.39,22.304347826086957,40.4,78.8,,,102.054,,,
PT,2009,1.34,22.402173913043477,40.8,79.0,,,98.774,43.0,25.3,
PT,2010,1.39,22.493478260869566,41.2,79.3,,,100.444,42.8,28.0,
PT,2011,1.35,22.62608695652174,41.7,79.9,,,98.71,41.5,30.4,
PT,2012,1.28,25.343636363636364,42.2,79.8,,,95.099,40.0,38.2,
PT,2013,1.21,25.461818181818185,42.6,80.1,-3.4,-5.7,94.679,41.2,38.6,
PT,2014,1.24,25.605454545454545,43.1,80.5,-2.5,-4.7,95.879,43.3,34.7,132.5
PT,2015,1.31,25.74909090909091,43.6,80.6,-0.3,-2.6,97.758,46.3,31.8,131.0
PT,2016,1.37,25.896363636363635,44.1,80.6,-0.1,-2.3,99.961,48.7,27.8,131.2
PT,2017,1.38,26.038181818181815,44.5,80.9,1.4,-0.8,103.438,53.4,23.8,126.0
PT,2018,1.42,26.185454545454547,45.0,80.9,2.3,-0.2,106.542,57.1,20.2,121.1
PT,2019,1.44,26.323636363636364,45.4,81.2,6.5,4.0,109.258,58.2,18.4,116.1
PT,2020,1.42,26.48,45.9,80.6,3.4,-0.4,100.0,58.4,22.4,134.1
PT,2021,1.35,26.612727272727273,46.3,80.6,6.9,2.6,105.327,62.0,23.4,123.9
PT,2022,1.43,26.73272727272727,46.7,80.9,13.0,9.1,112.027,65.0,19.2,111.2
PT,2023,1.45,26.794545454545457,46.9,81.5,19.4,16.3,114.306,66.4,20.5,96.9
PT,2024,1.41,26.834545454545456,47.1,81.8,13.4,10.3,115.564,67.6,21.6,93.5
PT,2025,,26.845454545454544,47.3,,,,116.522,69.5,19.5,89.7
RO,1960,,,,,,,,,,
RO,1961,,,,,,,,,,
RO,1962,,,,,,,,,,
RO,1963,,,,,,,,,,
RO,1964,,,,,,,,,,
RO,1965,,,,,,,,,,
RO,1966,,,,,,,,,,
RO,1967,,,,,,,,,,
RO,1968,,22.536956521739132,30.8,71.1,,,,,,
RO,1969,,22.61304347826087,30.9,70.1,,,,,,
RO,1970,,22.652173913043477,30.9,70.5,,,,,,
RO,1971,,22.654347826086955,31.0,70.6,,,,,,
RO,1972,,22.63695652173913,31.1,71.0,,,,,,
RO,1973,,22.63913043478261,31.1,70.5,,,,,,
RO,1974,,22.606521739130436,31.0,71.3,,,,,,
RO,1975,2.59,22.630434782608695,30.8,71.3,,,,,,
RO,1976,2.54,22.558695652173913,30.6,71.2,,,,,,
RO,1977,2.57,22.52608695652174,30.5,71.0,,,,,,
RO,1978,2.52,22.504347826086956,30.5,71.0,,,,,,
RO,1979,2.49,22.517391304347825,30.5,70.7,,,,,,
RO,1980,2.43,22.580434782608698,30.5,70.3,,,,,,
RO,1981,2.36,22.61521739130435,30.7,70.5,,,,,,
RO,1982,2.17,22.686956521739127,30.9,70.7,,,,,,
RO,1983,2.06,22.595652173913045,31.1,70.4,,,,,,
RO,1984,2.26,22.482608695652175,31.4,70.6,,,,,,
RO,1985,2.31,22.554347826086957,31.6,70.2,,,,,,
RO,1986,2.39,22.62173913043478,31.8,70.4,,,,,,
RO,1987,2.38,22.76304347826087,32.0,70.1,,,,,,
RO,1988,2.3,22.61304347826087,32.2,70.2,,,,,,
RO,1989,2.22,22.497826086956525,32.4,70.5,,,,,,
RO,1990,1.83,22.421739130434784,32.6,70.6,,,,,,
RO,1991,1.59,22.36521739130435,32.8,70.6,,,,,,
RO,1992,1.51,22.48478260869565,33.4,70.2,,,,,,
RO,1993,1.43,22.44782608695652,33.6,70.2,,,,,,
RO,1994,1.4,22.391304347826086,33.8,70.0,,,,,,
RO,1995,1.33,22.25,34.0,69.8,,,42.198,,,
RO,1996,1.3,22.12608695652174,34.2,69.4,,,43.99,,,
RO,1997,1.32,21.97826086956522,34.2,69.7,,,41.971,,,
RO,1998,1.32,21.880434782608695,34.3,70.4,,,41.198,,,
RO,1999,1.3,21.767391304347825,34.3,70.9,,,41.125,,,
RO,2000,1.31,21.65,34.4,71.5,,,42.18,,,
RO,2001,1.27,21.554347826086957,34.4,71.4,,,44.434,,,
RO,2002,1.27,21.684782608695652,35.0,71.1,,,48.555,,,
RO,2003,1.3,21.758695652173913,35.3,71.2,,,49.926,,,
RO,2004,1.33,21.756521739130434,35.4,71.6,,,55.447,,,
RO,2005,1.4,21.752173913043478,35.5,72.0,,,58.395,,,
RO,2006,1.42,21.745652173913044,37.2,72.5,,,63.458,,,
RO,2007,1.45,21.72826086956522,37.3,73.0,,,69.061,,,
RO,2008,1.6,21.789130434782606,38.7,73.4,,,76.758,,,
RO,2009,1.66,21.815217391304348,40.1,73.5,,,73.13,32.6,24.8,
RO,2010,1.59,21.817391304347826,40.1,73.5,,,70.692,29.3,28.0,
RO,2011,1.47,21.821739130434782,40.1,74.2,,,74.234,29.3,29.4,
RO,2012,1.52,21.84130434782609,40.2,74.2,,,75.977,30.9,28.2,
RO,2013,1.46,21.89782608695652,40.5,74.8,-0.7,-3.6,76.461,31.5,29.6,
RO,2014,1.56,21.969565217391306,40.8,74.5,-1.0,-3.9,79.897,33.0,30.0,39.1
RO,2015,1.62,22.16521739130435,41.0,74.4,-2.5,-5.6,82.811,32.7,27.3,37.7
RO,2016,1.69,22.367391304347827,41.4,74.7,-3.2,-5.9,85.68,35.3,25.9,37.8
RO,2017,1.78,24.424489795918365,41.8,74.7,-3.0,-5.6,93.239,36.9,23.0,35.3
RO,2018,1.76,24.622448979591837,42.1,74.7,-3.0,-6.1,98.819,38.6,20.5,34.6
RO,2019,1.77,24.802040816326528,42.5,75.0,-1.3,-4.4,103.207,40.4,21.0,35.2
RO,2020,1.8,25.116666666666664,42.8,73.5,-1.3,-6.6,100.0,41.5,21.6,46.9
RO,2021,1.81,25.2,43.0,72.2,-0.8,-8.3,106.446,43.8,21.0,48.6
RO,2022,1.75,26.056363636363635,43.5,74.5,5.4,0.6,111.41,46.7,22.8,48.1
RO,2023,1.54,26.183636363636364,43.6,75.7,5.1,0.6,113.855,51.0,21.8,49.3
RO,2024,1.39,26.20181818181818,43.8,75.9,4.0,-1.3,114.932,53.4,23.9,54.8
RO,2025,,26.119999999999997,44.1,,,,115.811,57.0,26.1,59.3
SE,1960,,22.60217391304348,36.0,,,,,,,
SE,1961,,22.650000000000002,36.2,,,,,,,
SE,1962,,22.67391304347826,36.3,,,,,,,
SE,1963,,22.65869565217391,36.4,,,,,,,
SE,1964,,22.62173913043478,36.4,,,,,,,
SE,1965,,22.580434782608698,36.3,,,,,,,
SE,1966,,22.55,36.1,,,,,,,
SE,1967,,22.53478260869565,36.0,,,,,,,
SE,1968,2.07,22.56086956521739,35.9,74.0,,,,,,
SE,1969,1.93,22.563043478260873,35.8,74.0,,,,,,
SE,1970,1.92,22.573913043478264,35.5,74.6,,,,,,
SE,1971,1.96,22.597826086956523,35.3,74.5,,,,,,
SE,1972,1.91,22.697826086956525,35.2,74.6,,,,,,
SE,1973,1.87,22.808695652173913,35.2,74.6,,,,,,
SE,1974,1.87,22.917391304347827,35.3,74.7,,,,,,
SE,1975,1.77,23.03478260869565,35.3,74.7,,,,,,
SE,1976,1.68,23.09130434782609,35.3,74.6,,,,,,
SE,1977,1.64,23.13478260869565,35.4,75.1,,,,,,
SE,1978,1.6,23.165217391304346,35.5,75.1,,,,,,
SE,1979,1.66,23.182608695652174,35.7,75.2,,,,,,
SE,1980,1.68,23.2,36.0,75.3,,,,,,
SE,1981,1.63,23.256521739130434,36.2,75.6,,,,,,
SE,1982,1.62,23.29565217391304,36.6,76.0,,,,,,
SE,1983,1.61,23.293478260869566,36.9,76.2,,,,,,
SE,1984,1.66,23.278260869565216,37.3,76.4,,,,,,
SE,1985,1.74,23.22391304347826,37.6,76.3,,,,,,
SE,1986,1.8,23.219565217391303,37.8,76.5,,,,,,
SE,1987,1.84,23.184782608695652,38.1,76.7,,,,,,
SE,1988,1.96,23.14782608695652,38.3,76.5,,,,,,
SE,1989,2.01,23.12826086956522,38.4,77.2,,,,,,
SE,1990,2.13,23.108695652173914,38.4,77.2,,,,,,
SE,1991,2.11,23.12826086956522,38.3,77.3,,,,,,
SE,1992,2.09,23.132608695652173,38.4,77.6,,,,,,
SE,1993,1.99,23.12826086956522,38.4,77.6,,,63.541,,,
SE,1994,1.88,23.104347826086954,38.4,78.2,,,65.56,,,
SE,1995,1.73,23.067391304347826,38.4,78.3,,,67.9,,,
SE,1996,1.6,23.043478260869566,38.6,78.5,,,68.96,,,
SE,1997,1.52,23.02173913043478,38.7,78.7,,,71.038,,,
SE,1998,1.5,23.004347826086956,38.9,78.8,,,74.012,,,
SE,1999,1.5,22.97391304347826,39.1,78.9,,,77.071,,,
SE,2000,1.54,22.94782608695652,39.3,79.0,,,80.516,,,
SE,2001,1.57,22.904347826086955,39.4,79.2,,,81.377,,,
SE,2002,1.65,22.87391304347826,39.6,79.3,,,82.951,,,
SE,2003,1.71,22.880434782608695,39.7,79.5,,,84.219,,,
SE,2004,1.75,22.921739130434784,39.9,79.9,,,87.39,,,
SE,2005,1.77,22.98913043478261,40.1,79.9,,,89.5,68.7,22.2,
SE,2006,1.85,23.02608695652174,40.3,80.2,,,93.103,68.8,20.9,
SE,2007,1.88,23.05217391304348,40.5,80.3,,,95.446,69.1,18.6,
SE,2008,1.91,23.097826086956523,40.6,80.5,,,93.825,69.3,19.6,
SE,2009,1.94,23.154347826086955,40.7,80.7,,,89.075,69.1,24.4,
SE,2010,1.98,23.21521739130435,40.7,80.9,,,93.388,69.6,24.1,
SE,2011,1.9,23.254347826086956,40.8,81.0,,,95.611,71.2,22.1,
SE,2012,1.91,23.31086956521739,40.8,81.0,,,94.53,72.1,22.9,
SE,2013,1.89,23.37608695652174,40.9,81.2,6.9,9.3,94.792,72.8,22.8,
SE,2014,1.88,23.458695652173912,40.9,81.4,7.9,10.6,95.987,73.3,22.2,46.1
SE,2015,1.85,23.53478260869565,40.9,81.4,8.1,10.6,99.155,73.7,19.7,44.8
SE,2016,1.85,23.61521739130435,40.9,81.5,11.9,14.5,100.081,74.6,18.2,43.2
SE,2017,1.78,26.163265306122447,40.8,81.6,10.1,12.4,100.523,75.7,17.1,41.9
SE,2018,1.76,26.216326530612243,40.6,81.7,8.5,10.8,101.121,77.3,16.8,40.2
SE,2019,1.71,26.273469387755103,40.5,82.2,7.0,9.5,102.66,77.0,19.3,36.0
SE,2020,1.67,26.414583333333336,40.5,81.6,3.5,5.0,100.0,76.7,23.6,40.5
SE,2021,1.67,26.346938775510203,40.6,82.2,4.9,7.0,104.596,76.4,24.7,37.2
SE,2022,1.53,26.408163265306122,40.7,82.2,5.6,6.6,104.789,77.0,21.7,34.4
SE,2023,1.45,26.776363636363637,40.8,82.4,2.3,2.9,103.862,78.0,22.1,32.2
SE,2024,1.43,26.796363636363637,41.0,83.0,2.7,3.4,105.615,78.1,24.3,34.2
SE,2025,,26.836363636363636,41.2,,,,106.774,78.3,24.3,35.1
SI,1960,,,,,,,,,,
SI,1961,,,,,,,,,,
SI,1962,,,,,,,,,,
SI,1963,,,,,,,,,,
SI,1964,,,,,,,,,,
SI,1965,,,,,,,,,,
SI,1966,,,,,,,,,,
SI,1967,,,,,,,,,,
SI,1968,,,,,,,,,,
SI,1969,,,,,,,,,,
SI,1970,,108.5,,,,,,,,
SI,1971,,,,,,,,,,
SI,1972,,,,,,,,,,
SI,1973,,,,,,,,,,
SI,1974,,,,,,,,,,
SI,1975,,106.4,,,,,,,,
SI,1976,,106.6,,,,,,,,
SI,1977,,106.4,,,,,,,,
SI,1978,,106.3,,,,,,,,
SI,1979,,106.2,,,,,,,,
SI,1980,,106.0,,,,,,,,
SI,1981,,106.0,,,,,,,,
SI,1982,1.93,21.90869565217391,31.7,71.2,,,,,,
SI,1983,1.81,21.808695652173913,32.0,71.0,,,,,,
SI,1984,1.74,21.69782608695652,32.2,71.4,,,,,,
SI,1985,1.71,21.639130434782608,32.5,71.9,,,,,,
SI,1986,1.67,21.578260869565216,32.7,72.4,,,,,,
SI,1987,1.65,21.393478260869564,33.2,72.2,,,,,,
SI,1988,1.63,21.389130434782608,33.4,72.8,,,,,,
SI,1989,1.52,21.428260869565218,33.7,73.1,,,,,,
SI,1990,1.46,21.428260869565218,34.0,73.5,,,,,,
SI,1991,1.42,21.456521739130434,34.4,73.2,,,,,,
SI,1992,1.33,21.43913043478261,34.8,73.3,,,,,,
SI,1993,1.33,21.45,35.2,73.1,,,,,,
SI,1994,1.32,21.43913043478261,35.6,73.5,,,,,,
SI,1995,1.29,21.421739130434784,36.0,74.1,,,58.255,,,
SI,1996,1.28,21.41521739130435,36.1,74.5,,,59.917,,,
SI,1997,1.25,21.33913043478261,36.5,74.6,,,63.128,,,
SI,1998,1.23,21.291304347826088,36.9,74.7,,,65.192,,,
SI,1999,1.21,21.284782608695654,37.4,75.0,,,68.58,,,
SI,2000,1.26,21.17608695652174,37.8,75.5,,,70.776,,,
SI,2001,1.21,21.12608695652174,38.2,75.7,,,72.684,,,
SI,2002,1.21,21.093478260869563,38.6,75.9,,,74.954,,,
SI,2003,1.2,21.08478260869565,39.0,75.7,,,77.301,,,
SI,2004,1.25,21.06086956521739,39.4,76.5,,,80.775,,,
SI,2005,1.26,21.069565217391304,39.9,76.8,,,83.74,,,
SI,2006,1.31,21.043478260869566,40.2,77.5,,,88.377,,,
SI,2007,1.38,21.06086956521739,40.6,77.6,,,94.17,,,
SI,2008,1.53,21.15,41.0,78.3,,,97.196,,,
SI,2009,1.53,21.145652173913046,41.2,78.5,,,88.952,35.3,13.8,
SI,2010,1.57,21.18913043478261,41.4,79.0,,,89.627,34.7,14.7,
SI,2011,1.56,21.319565217391304,41.7,79.4,,,90.037,30.9,15.9,
SI,2012,1.58,21.491304347826087,42.0,79.4,,,87.245,32.6,20.8,
SI,2013,1.55,21.678260869565218,42.2,79.7,0.2,1.1,86.41,33.2,21.6,
SI,2014,1.58,21.880434782608695,42.5,80.0,-0.2,0.9,88.7,35.1,20.5,81.1
SI,2015,1.57,22.110869565217392,42.8,79.7,0.2,0.6,90.757,36.3,16.4,83.4
SI,2016,1.58,22.35217391304348,43.2,80.1,0.5,0.8,93.451,38.2,15.3,79.4
SI,2017,1.62,24.336734693877553,43.5,80.1,0.6,0.5,98.23,42.4,11.3,74.9
SI,2018,1.6,24.622448979591837,43.8,80.4,7.2,6.8,102.228,46.7,8.9,71.0
SI,2019,1.61,24.824489795918367,44.0,80.5,7.8,7.2,104.947,48.2,8.1,66.0
SI,2020,1.59,25.145833333333332,44.1,79.7,8.7,6.2,100.0,49.9,14.3,80.2
SI,2021,1.64,25.20408163265306,44.4,79.8,1.2,-0.9,108.163,52.7,12.8,74.8
SI,2022,1.55,25.481632653061222,44.7,80.4,6.9,4.6,110.962,55.2,10.1,72.8
SI,2023,1.51,26.096363636363634,44.9,80.9,5.4,3.3,113.001,54.2,9.9,68.3
SI,2024,1.52,26.23818181818182,45.2,81.3,5.4,3.2,114.616,56.3,10.9,66.4
SI,2025,,26.387272727272727,45.5,,,,115.554,57.6,12.1,65.7
SK,1960,3.04,23.539130434782606,27.5,71.4,,,,,,
SK,1961,2.96,23.580434782608698,27.7,71.9,,,,,,
SK,1962,2.83,23.7,27.8,71.2,,,,,,
SK,1963,2.92,23.754347826086956,27.9,71.7,,,,,,
SK,1964,2.89,23.832608695652173,27.9,72.1,,,,,,
SK,1965,2.78,23.88913043478261,27.9,71.4,,,,,,
SK,1966,2.66,23.94347826086957,27.9,71.5,,,,,,
SK,1967,2.48,23.932608695652174,28.0,71.9,,,,,,
SK,1968,2.39,23.858695652173914,28.1,71.3,,,,,,
SK,1969,2.43,23.76304347826087,28.3,70.9,,,,,,
SK,1970,2.41,23.678260869565218,28.3,70.6,,,,,,
SK,1971,2.43,23.641304347826086,28.2,70.6,,,,,,
SK,1972,2.49,23.47608695652174,28.2,71.2,,,,,,
SK,1973,2.56,23.358695652173914,28.3,70.9,,,,,,
SK,1974,2.61,23.282608695652176,28.2,70.9,,,,,,
SK,1975,2.55,23.245652173913044,28.1,71.0,,,,,,
SK,1976,2.55,23.150000000000002,28.2,71.3,,,,,,
SK,1977,2.49,23.002173913043475,28.3,71.0,,,,,,
SK,1978,2.47,22.90869565217391,28.4,71.0,,,,,,
SK,1979,2.45,22.817391304347826,28.6,71.3,,,,,,
SK,1980,2.32,22.843478260869563,28.7,70.9,,,,,,
SK,1981,2.29,22.791304347826088,29.0,71.1,,,,,,
SK,1982,2.28,22.743478260869566,29.2,71.2,,,,,,
SK,1983,2.28,22.710869565217394,29.5,70.8,,,,,,
SK,1984,2.26,22.656521739130437,29.7,71.1,,,,,,
SK,1985,2.26,22.69782608695652,30.0,71.0,,,,,,
SK,1986,2.2,22.72391304347826,30.2,71.1,,,,,,
SK,1987,2.14,22.793478260869566,30.5,71.3,,,,,,
SK,1988,2.13,22.86521739130435,30.7,71.3,,,,,,
SK,1989,2.07,22.919565217391302,31.0,71.1,,,,,,
SK,1990,2.09,22.917391304347827,31.2,70.9,,,,,,
SK,1991,2.05,22.895652173913046,31.5,71.0,,,,,,
SK,1992,1.93,22.821739130434782,31.6,71.4,,,,,,
SK,1993,1.87,22.73695652173913,31.9,71.7,,,,,,
SK,1994,1.67,22.595652173913045,32.1,72.2,,,,,,
SK,1995,1.52,22.406521739130437,32.4,72.2,,,43.662,,,
SK,1996,1.47,22.215217391304346,32.7,72.7,,,46.245,,,
SK,1997,1.43,22.002173913043478,33.0,72.5,,,48.693,,,
SK,1998,1.37,21.804347826086957,33.3,72.4,,,50.487,,,
SK,1999,1.33,21.597826086956523,33.6,72.8,,,50.204,,,
SK,2000,1.3,21.38478260869565,33.9,72.9,,,50.552,,,
SK,2001,1.2,21.245652173913044,34.3,73.1,,,52.236,,,
SK,2002,1.19,21.056521739130435,34.4,73.3,,,54.552,,,
SK,2003,1.2,20.893478260869564,34.7,73.4,,,57.194,,,
SK,2004,1.25,20.745652173913044,35.0,73.7,,,60.243,,,
SK,2005,1.27,20.628260869565217,35.4,73.7,,,64.093,,,
SK,2006,1.25,20.519565217391303,35.7,73.9,,,69.764,,,
SK,2007,1.27,20.43695652173913,36.0,74.0,,,77.231,,,
SK,2008,1.34,20.38695652173913,36.3,74.4,,,81.233,,,
SK,2009,1.44,20.36304347826087,36.6,74.8,,,76.592,40.4,28.5,
SK,2010,1.43,20.395652173913046,37.0,75.0,,,81.61,41.5,34.9,
SK,2011,1.45,20.42608695652174,37.4,75.5,,,84.195,42.4,34.8,
SK,2012,1.34,20.504347826086956,37.7,75.7,,,85.387,44.2,35.3,
SK,2013,1.34,20.597826086956523,38.2,76.0,0.4,0.9,85.88,45.2,34.9,
SK,2014,1.37,20.706521739130434,38.6,76.4,0.3,1.0,88.116,46.0,31.0,53.4
SK,2015,1.4,20.87391304347826,39.0,76.1,0.6,0.9,92.613,48.3,27.7,51.6
SK,2016,1.48,21.06086956521739,39.4,76.7,0.7,1.7,94.269,50.5,23.4,52.1
SK,2017,1.52,22.902040816326533,39.8,76.6,0.7,1.4,96.844,54.6,20.0,51.4
SK,2018,1.54,23.146938775510204,40.2,76.7,0.7,1.3,100.637,55.9,15.8,49.3
SK,2019,1.57,23.389795918367344,40.6,77.1,0.7,1.4,102.791,58.8,17.1,48.0
SK,2020,1.59,23.760416666666668,41.0,76.4,0.8,0.3,100.0,60.2,20.4,58.4
SK,2021,1.63,23.906122448979595,41.4,74.0,-1.5,-4.6,106.041,60.6,20.6,60.2
SK,2022,1.57,24.1265306122449,41.8,76.4,0.2,-1.1,106.296,64.1,19.9,57.8
SK,2023,1.49,24.992727272727272,42.2,77.5,0.3,-0.8,108.536,66.6,19.8,55.8
SK,2024,1.46,25.20181818181818,42.6,77.9,0.4,-1.0,110.612,66.0,19.2,59.7
SK,2025,,25.37454545454545,43.0,,,,111.56,66.6,15.3,61.4
