variable,n,missing,missing_share,mean,sd,min,p10,p25,median,p75,p90,max
polarisation_score,193.0,0.0,0.0,2.6891191709844557,2.2907048931713816,0.0,1.0,1.2,2.0,3.5,6.5,9.2
confidence,193.0,0.0,0.0,0.8683419689119173,0.05320310092641715,0.7,0.8,0.8,0.9,0.9,0.9,1.0
us_vs_them,193.0,0.0,0.0,1.9455958549222798,2.507009710787483,0.0,0.2,0.5,1.0,2.5,6.0,9.5
emotional_intensity,193.0,0.0,0.0,2.089119170984456,2.3471249592354417,0.0,0.3,0.3,1.0,3.0,5.900000000000006,9.2
moral_absolutism,193.0,0.0,0.0,1.8813471502590675,2.523218069397496,0.0,0.1,0.4,0.8,2.0,6.0,9.5
hostility_to_opponents,193.0,0.0,0.0,1.5352331606217615,2.504246824674965,0.0,0.0,0.1,0.3,1.5,6.0,9.5
n_relevant_speeches,193.0,0.0,0.0,1.2227979274611398,0.54686459094461,1.0,1.0,1.0,1.0,1.0,2.0,4.0
dominant_cluster_score,0.0,193.0,1.0,,,,,,,,,
Ageing & Pensions,193.0,0.0,0.0,0.2058124147306868,0.2675932383202533,0.0001988071570577,0.00062972693256914,0.0009615384615396,0.076289978468478,0.3492409542489605,0.5727894154498594,0.9951086956521716
Borderline: Economic governance and employment,193.0,0.0,0.0,0.015359145383824376,0.10648907422729866,1.409312696948992e-05,8.56027386084589e-05,0.0001279239766082,0.0001754385964913,0.0002312420929861,0.00032786885245924,0.9975561097256854
Borderline: Island regions and cohesion,193.0,0.0,0.0,0.022714653600127945,0.1102936916795802,1.409312696948992e-05,9.383608037942272e-05,0.0001408450704226,0.0001971912273952,0.0002702702702704,0.02431108894444737,0.9920967741935316
Borderline: Labour market and social policy,193.0,0.0,0.0,0.01926877101910898,0.10919407826994937,1.409312696948992e-05,8.986175115214547e-05,0.0001315789473684,0.0001773001095291,0.0002352941176472,0.0006373411534704604,0.8889854421665617
Borderline: Regional development policy,193.0,0.0,0.0,0.08033305289581226,0.1513088000489001,3.861003861008435e-05,0.00011525627836782,0.0001593140193141,0.0002317307337249,0.1036802413636215,0.2945577829293001,0.7009160392610495
Borderline: Youth / demographic future (weak signal),193.0,0.0,0.0,0.016885309200407757,0.09959455245392479,1.409312696948992e-05,9.233737005688282e-05,0.0001333570412517,0.0001851851851853,0.0002445131830903,0.0005901116427433009,0.9959336099584216
"Fertility, Families & Gender",193.0,0.0,0.0,0.05647681660724896,0.13134168996829385,0.0001485148514853,0.00030887221363956006,0.0004615384615389,0.0006976744186053,0.0448335817061602,0.1523300700675296,0.8304363014290008
Health & Care Services,193.0,0.0,0.0,0.04195518119761479,0.11431392882667332,7.72200772201687e-05,0.00019514080085024002,0.0002861198266847,0.000421052631579,0.0006862170087978,0.154892311501912,0.7065529955377294
Housing & Living Conditions,193.0,0.0,0.0,0.015538481748883608,0.11559773123487177,1.409312696948992e-05,8.333919403617106e-05,0.0001278121622949,0.0001739130434784,0.0002282049369826,0.00030533887709848016,0.99383647798742
Migration & Population Change,193.0,0.0,0.0,0.07036165774664001,0.17055956645879045,2.818625393897985e-05,0.00018863820432736005,0.0003076923076924,0.0004301075268819,0.0012903225806458,0.3048504940217849,0.9931914893616988
Population Growth & Sustainability,193.0,0.0,0.0,0.024576421191378723,0.08618395354318234,1.409312696948992e-05,9.315019462224409e-05,0.0001408450704226,0.0001876693766938,0.000246913580247,0.03665279990848266,0.549224755364349
Regional Depopulation & Territorial Cohesion,193.0,0.0,0.0,0.07215508892736695,0.17025822486290623,7.72200772201687e-05,0.00020844045923270002,0.000289855072464,0.0004446529080678,0.0435732326567585,0.24225274808834016,0.9881481481481458
Youth & Future Generations,193.0,0.0,0.0,0.03405763873374863,0.09365721233561611,3.976143141154798e-05,8.91694319181633e-05,0.0001362921544644,0.0002105263157895,0.0006060606060607,0.12781905772469226,0.7531246579732986
Other,193.0,0.0,0.0,0.3245053670171496,0.22270704919744633,0.0011133200795233,0.005933180778036081,0.1480234912099221,0.3226965422517393,0.4985277777777777,0.6419012846164873,0.8328720569279242
age_2020,181.0,12.0,0.06217616580310881,53.93922651933702,11.207222743419802,27.0,40.0,45.0,55.0,62.0,69.0,82.0
mep_tenure_2020,19.0,174.0,0.9015544041450777,6.947368421052632,6.827018905386371,0.0,1.0,1.5,6.0,8.5,12.999999999999993,26.0
