variable,n,mean,sd,min,median,max,missing_share
polarisation_score,193.0,2.6891191709844557,2.2907048931713816,0.0,2.0,9.2,0.0
confidence,193.0,0.8683419689119173,0.05320310092641715,0.7,0.9,1.0,0.0
us_vs_them,193.0,1.9455958549222798,2.507009710787483,0.0,1.0,9.5,0.0
emotional_intensity,193.0,2.089119170984456,2.3471249592354417,0.0,1.0,9.2,0.0
moral_absolutism,193.0,1.8813471502590675,2.523218069397496,0.0,0.8,9.5,0.0
hostility_to_opponents,193.0,1.5352331606217615,2.504246824674965,0.0,0.3,9.5,0.0
n_relevant_speeches,193.0,1.2227979274611398,0.54686459094461,1.0,1.0,4.0,0.0
Ageing & Pensions,193.0,0.2058124147306868,0.2675932383202533,0.0001988071570577,0.076289978468478,0.9951086956521716,0.0
"Fertility, Families & Gender",193.0,0.05647681660724896,0.13134168996829385,0.0001485148514853,0.0006976744186053,0.8304363014290008,0.0
Migration & Population Change,193.0,0.07036165774664001,0.17055956645879045,2.818625393897985e-05,0.0004301075268819,0.9931914893616988,0.0
Regional Depopulation & Territorial Cohesion,193.0,0.07215508892736695,0.17025822486290623,7.72200772201687e-05,0.0004446529080678,0.9881481481481458,0.0
Other,193.0,0.3245053670171496,0.22270704919744633,0.0011133200795233,0.3226965422517393,0.8328720569279242,0.0
age_2020,181.0,53.93922651933702,11.207222743419802,27.0,55.0,82.0,0.06217616580310881
mep_tenure_2020,19.0,6.947368421052632,6.827018905386371,0.0,6.0,26.0,0.9015544041450777
