model,variable,coef,ci_low,ci_high,p_value,significant_10pct,significant_5pct
M1_topics,topic_ageing_pensions,-1.164935241592955,-2.8597223207820943,0.5298518375961843,0.17791317492125347,False,False
M1_topics,topic_econ_governance,-0.175569810255511,-2.2957204537845515,1.9445808332735295,0.8710658799965111,False,False
M1_topics,topic_island_cohesion,-3.646388411925391,-5.934225254021669,-1.358551569829113,0.0017851976793385785,True,True
M1_topics,topic_labour_social,-0.3141783992699736,-6.266344286564445,5.637987488024498,0.9176022591999623,False,False
M1_topics,topic_regional_dev,-2.839310780298605,-5.223571243127674,-0.4550503174695355,0.019593900275367032,True,True
M1_topics,topic_youth_future_weak,-1.2612567586437171,-4.892914952404707,2.3704014351172735,0.4960703827277214,False,False
M1_topics,topic_fertility_family_gender,-3.187154786323882,-4.958831345361558,-1.4154782272862056,0.0004220874824622129,True,True
M1_topics,topic_health_care,-3.9252245385463826,-5.999623161727644,-1.850825915365121,0.0002083353742805794,True,True
M1_topics,topic_housing,0.6706931614759027,-6.3837232368179375,7.725109559769743,0.852176530655965,False,False
M1_topics,topic_migration,1.9669870681873352,-0.9198906381093714,4.853864774484042,0.18173557029509124,False,False
M1_topics,topic_population_growth,-4.193163423617416,-8.182758800352886,-0.20356804688194563,0.039401348892227094,True,True
M1_topics,topic_regional_depopulation,-2.569259431000662,-4.718844125585237,-0.4196747364160873,0.019148973994020452,True,True
M1_topics,topic_youth_future,-0.6663717163635905,-6.7710915707402615,5.4383481380130805,0.8305911899289999,False,False
M1_topics,n_relevant_speeches,-0.02304815284640771,-0.6698630397315077,0.6237667340386923,0.9443210122140445,False,False
M2_topics_bio,topic_ageing_pensions,-2.1735018617775608,-4.010517525801658,-0.3364861977534628,0.020396628944860027,True,True
M2_topics_bio,topic_econ_governance,0.26351063314413814,-1.7852789710580788,2.312300237346355,0.8009745252114499,False,False
M2_topics_bio,topic_island_cohesion,-3.576389894614392,-6.859317896014836,-0.29346189321394744,0.032747474484493125,True,True
M2_topics_bio,topic_labour_social,-0.6151739744524463,-7.082945688636543,5.85259773973165,0.8521157937778054,False,False
M2_topics_bio,topic_regional_dev,-3.308323694620281,-6.3773334660886665,-0.23931392315189504,0.03461812836254633,True,True
M2_topics_bio,topic_youth_future_weak,-0.7814061966371062,-5.855086761722974,4.292274368448761,0.7627607748058574,False,False
M2_topics_bio,topic_fertility_family_gender,-3.9470570075017455,-6.071841181527018,-1.8222728334764722,0.0002717050914428721,True,True
M2_topics_bio,topic_health_care,-4.680569142674483,-7.437538280404935,-1.9236000049440318,0.0008763673063159818,True,True
M2_topics_bio,topic_housing,0.21551614332960511,-7.796107970979751,8.227140257638961,0.957951914919565,False,False
M2_topics_bio,topic_migration,1.3580066679880254,-2.116523084465106,4.832536420441157,0.44364986677270724,False,False
M2_topics_bio,topic_population_growth,-4.9499468434751535,-10.258469933871464,0.35857624692115575,0.06761354592322565,True,False
M2_topics_bio,topic_regional_depopulation,-3.2024607879615337,-5.930016587856056,-0.47490498806701176,0.021379160683247286,True,True
M2_topics_bio,topic_youth_future,-3.519497209292454,-8.023454767215718,0.984460348630809,0.12563069126300613,False,False
M2_topics_bio,n_relevant_speeches,0.15002598181541288,-0.5472591159031239,0.8473110795339498,0.6732435905096384,False,False
M2_topics_bio,age_2020,-0.011594740515196805,-0.05036267258172074,0.027173191551327126,0.5577495790169996,False,False
M3_country_FE,topic_ageing_pensions,-2.4029233383872968,-4.688763187669418,-0.11708348910517641,0.03936454706513754,True,True
M3_country_FE,topic_econ_governance,0.8054211189812382,-3.410025967829964,5.02086820579244,0.7080479817390279,False,False
M3_country_FE,topic_island_cohesion,-3.2622251494149253,-7.325252566906228,0.8008022680763767,0.11556493101381392,False,False
M3_country_FE,topic_labour_social,-0.7774199087516225,-7.765014637138784,6.210174819635539,0.8273823499252051,False,False
M3_country_FE,topic_regional_dev,-2.337929600460745,-5.768995304559693,1.0931361036382032,0.18170612370971795,False,False
M3_country_FE,topic_youth_future_weak,-0.46974722089558146,-6.793206351625762,5.853711909834598,0.8842381685978016,False,False
M3_country_FE,topic_fertility_family_gender,-3.969729409594729,-6.786909317188256,-1.1525495020012024,0.0057481229315163385,True,True
M3_country_FE,topic_health_care,-4.100914824227111,-8.355103041435747,0.1532733929815251,0.05884510798582881,True,False
M3_country_FE,topic_housing,0.2083745197139173,-7.5228240952709164,7.939573134698751,0.9578707251604176,False,False
M3_country_FE,topic_migration,1.1215746191198952,-3.3521951969274615,5.595344435167252,0.6231695861481532,False,False
M3_country_FE,topic_population_growth,-5.6668940553154235,-11.995921083158379,0.6621329725275311,0.07927374568968716,True,False
M3_country_FE,topic_regional_depopulation,-2.4110860777294056,-5.419068112952621,0.5968959574938095,0.11617476482189444,False,False
M3_country_FE,topic_youth_future,-5.98577255915505,-12.267824245235529,0.29627912692542857,0.0618280855583723,True,False
M3_country_FE,n_relevant_speeches,0.18601962556897594,-0.7940428811633906,1.1660821323013426,0.7098863813356162,False,False
M3_country_FE,age_2020,-0.017981376258312386,-0.06506967425121876,0.029106921734593998,0.4541937259725841,False,False
