mep_name_raw,_name_key,has_wikipedia_match
Adam Gierek ,adam gierek,True
Ádám Kósa,adam kosa,True
Adam Szejnfeld ,adam szejnfeld,True
Agnès Le Brun ,agnes brun le,True
Agnieszka Kozłowska-Rajewicz ,agnieszka koz owska rajewicz,True
Alain Cadec ,alain cadec,True
Aldo Patriciello ,aldo patriciello,True
Alexander Mirsky ,alexander mirsky,True
Alfredo Pallone ,alfredo pallone,True
Alicia Homs Ginel,alicia ginel homs,True
Alojz Peterle ,alojz peterle,True
Ana Gomes,ana gomes,True
Ana Miranda ,ana miranda,True
Andrew Henry William Brons ,andrew brons henry william,True
Anna Elżbieta Fotyga ,anna elzbieta fotyga,True
Anna Záborská ,anna zaborska,True
Arne Gericke,arne gericke,True
Arturs Krišjānis Kariņš ,arturs karins krisjanis,True
Auke Zijlstra,auke zijlstra,True
Biljana Borzan ,biljana borzan,True
Billy Kelleher,billy kelleher,True
Bruno Gollnisch ,bruno gollnisch,True
Carlos Zorrinho,carlos zorrinho,True
Caterina Chinnici,caterina chinnici,True
César Luena,cesar luena,True
Christel Schaldemose,christel schaldemose,True
Christine Anderson,anderson christine,True
Claudia Țapardel ,claudia tapardel,True
Cornelis de Jong ,cornelis de jong,True
Crescenzio Rivellini ,crescenzio rivellini,True
Daciana Octavia Sârbu ,daciana octavia sarbu,True
Daniel Buda,buda daniel,True
Danuta Jazłowiecka ,danuta jaz owiecka,True
David Casa,casa david,True
David Martin ,david martin,True
Diane Dodds ,diane dodds,True
Diogo Feio ,diogo feio,True
Dubravka Šuica,dubravka suica,True
Elena Băsescu ,basescu elena,True
Elena Kountoura,elena kountoura,True
Elżbieta Katarzyna Łukacijewska,elzbieta katarzyna ukacijewska,True
Evelyn Regner,evelyn regner,True
Franc Bogovič,bogovic franc,True
Francisco José Millán Mon ,francisco jose millan mon,True
Franz Obermayr ,franz obermayr,True
Franziska Katharina Brantner,brantner franziska katharina,True
Frédérique Ries,frederique ries,True
George Becali ,becali george,True
George Sabin Cutaş ,cutas george sabin,True
Georgios Papanikolaou ,georgios papanikolaou,True
Giancarlo Scottà ,giancarlo scotta,True
Giommaria Uggias ,giommaria uggias,True
Giorgos Georgiou,georgiou giorgos,True
György Schöpflin ,gyorgy schopflin,True
Heinz K. Becker,becker heinz k,True
Heléne Fritzon,fritzon helene,True
Hermann Winkler ,hermann winkler,True
Inese Vaidere ,inese vaidere,True
Ioan Enciu ,enciu ioan,True
Ioan-Rareş Bogdan,bogdan ioan rares,True
Iratxe García Pérez,garcia iratxe perez,True
Irena Joveva,irena joveva,True
Isabella Tovaglieri,isabella tovaglieri,True
Izaskun Bilbao Barandica,barandica bilbao izaskun,True
Jan Kozłowski ,jan koz owski,True
Javi López,javi lopez,True
Jean Lambert,jean lambert,True
Jens Rohde ,jens rohde,True
Jiří Payne ,jiri payne,True
Jiří Pospíšil ,jiri pospisil,True
Joachim Stanisław Brudziński,aw brudzinski joachim stanis,True
Jonás Fernández,fernandez jonas,True
José Blanco López ,blanco jose lopez,True
Juozas Imbrasas ,imbrasas juozas,True
Jutta Steinruck ,jutta steinruck,True
Karlo Ressler,karlo ressler,True
Kateřina Konečná,katerina konecna,True
Katrin Langensiepen,katrin langensiepen,True
Krzysztof Hetman,hetman krzysztof,True
Krzysztof Lisek ,krzysztof lisek,True
László Andor,andor laszlo,True
Lidia Joanna Geringer de Oedenberg ,de geringer joanna lidia oedenberg,True
Liisa Jaakonsaari,jaakonsaari liisa,True
Loránt Vincze,lorant vincze,True
Lothar Bisky,bisky lothar,True
Louis Michel ,louis michel,True
Marc Angel,angel marc,True
Marc Botenga,botenga marc,True
Marc Tarabella ,marc tarabella,True
Marcos Ros Sempere,marcos ros sempere,True
Maria Arena,arena maria,True
Maria Da Graça Carvalho ,carvalho da graca maria,True
Maria do Céu Patrão Neves ,ceu do maria neves patrao,True
Maria Lidia Senra Rodríguez ,lidia maria rodriguez senra,True
Maria Spyraki,maria spyraki,True
Marie Toussaint,marie toussaint,True
Mário David ,david mario,True
Marita Ulvskog ,marita ulvskog,True
Mariya Gabriel,gabriel mariya,True
Markus Pieper,markus pieper,True
Martin Schirdewan,martin schirdewan,True
Michel Dantin ,dantin michel,True
Milan Zver ,milan zver,True
Miriam Lexmann,lexmann miriam,True
Miroslav Mikolášik ,mikolasik miroslav,True
Monika Smolková ,monika smolkova,True
Nacho Sánchez Amor,amor nacho sanchez,True
Nathalie Griesbeck ,griesbeck nathalie,True
Nicolás Gonzalez Casares,casares gonzalez nicolas,True
Norica Nicolai ,nicolai norica,True
Nuno Melo ,melo nuno,True
Nuno Teixeira ,nuno teixeira,True
Oreste Rossi ,oreste rossi,True
Othmar Karas ,karas othmar,True
Patryk Jaki,jaki patryk,True
Paulo Rangel ,paulo rangel,True
Peter Jahr ,jahr peter,True
Peter van Dalen ,dalen peter van,True
Petru Constantin Luhan ,constantin luhan petru,True
Philippe Boulland ,boulland philippe,True
Philippe De Backer,backer de philippe,True
Pierfrancesco Majorino,majorino pierfrancesco,True
Piernicola Pedicini,pedicini piernicola,True
Radan Kanev,kanev radan,True
Radvilė Morkūnaitė-Mikulėnienė ,mikuleniene morkunaite radvile,True
Robert Biedroń,biedron robert,True
Robert Rochefort ,robert rochefort,True
Romana Jerković,jerkovic romana,True
Romana Tomc,romana tomc,True
Ruža Tomašić,ruza tomasic,True
Ryszard Czarnecki,czarnecki ryszard,True
Salvatore Iacolino ,iacolino salvatore,True
Seán Kelly,kelly sean,True
Sergio Berlato ,berlato sergio,True
Sergio Paolo Francesco Silvestris ,francesco paolo sergio silvestris,True
Simona Bonafè,bonafe simona,True
Sirpa Pietikäinen,pietikainen sirpa,True
Sofia Ribeiro ,ribeiro sofia,True
Sophia in 't Veld,in sophia t veld,True
Sunčana Glavak,glavak suncana,True
Susana Solís Pérez,perez solis susana,True
Syed Kamall ,kamall syed,True
Sylvie Guillaume ,guillaume sylvie,True
Tanja Fajon,fajon tanja,True
Tineke Strik,strik tineke,True
Tiziano Motti ,motti tiziano,True
Tomas Tobé,tobe tomas,True
Tomislav Sokol,sokol tomislav,True
Tonino Picula ,picula tonino,True
Łukasz Kohut,kohut ukasz,True
Ulrike Müller,muller ulrike,True
Urmas Paet ,paet urmas,True
Valdemar Tomaševski ,tomasevski valdemar,True
Vasilica Viorica Dăncilă ,dancila vasilica viorica,True
Vilija Blinkevičiūtė ,blinkeviciute vilija,True
Virginijus Sinkevičius,sinkevicius virginijus,True
Younous Omarjee,omarjee younous,True
Zbigniew Kuźmiuk ,kuzmiuk zbigniew,True
